Age,BusinessTravel,DailyRate,Department,DistanceFromHome,Education,EducationField,EnvironmentSatisfaction,Gender,HourlyRate,JobInvolvement,JobRole,JobSatisfaction,MaritalStatus,MonthlyRate,NumCompaniesWorked,OverTime,PerformanceRating,RelationshipSatisfaction,StockOptionLevel,TotalWorkingYears,TrainingTimesLastYear,WorkLifeBalance,YearsInCurrentRole,YearsSinceLastPromotion
41,2.0,1102,2.0,1,2,1.0,2,0.0,94,3,7.0,4,2.0,19479,8,1.0,3,1,0,8,0,1,4,0
49,1.0,279,1.0,8,1,1.0,3,1.0,61,2,6.0,2,1.0,24907,1,0.0,4,4,1,10,3,3,7,1
37,2.0,1373,1.0,2,2,4.0,4,1.0,92,2,2.0,3,2.0,2396,6,1.0,3,2,0,7,3,3,0,0
33,1.0,1392,1.0,3,4,1.0,4,0.0,56,3,6.0,3,1.0,23159,1,1.0,3,3,0,8,3,3,7,3
27,2.0,591,1.0,2,1,3.0,1,1.0,40,3,2.0,2,1.0,16632,9,0.0,3,4,1,6,3,3,2,2
32,1.0,1005,1.0,2,2,1.0,4,1.0,79,3,2.0,4,2.0,11864,0,0.0,3,3,0,8,2,2,7,3
59,2.0,1324,1.0,3,3,3.0,3,0.0,81,4,2.0,1,1.0,9964,4,1.0,4,1,3,12,3,2,0,0
30,2.0,1358,1.0,24,1,1.0,4,1.0,67,3,2.0,3,0.0,13335,1,0.0,4,2,1,1,2,3,0,0
38,1.0,216,1.0,23,3,1.0,4,1.0,44,2,4.0,3,2.0,8787,0,0.0,4,2,0,10,2,3,7,1
36,2.0,1299,1.0,27,3,3.0,3,1.0,94,3,0.0,3,1.0,16577,6,0.0,3,2,2,17,3,2,7,7
35,2.0,809,1.0,16,3,3.0,1,1.0,84,4,2.0,2,1.0,16479,0,0.0,3,3,1,6,5,3,4,0
29,2.0,153,1.0,15,2,1.0,4,0.0,49,2,2.0,3,2.0,12682,0,1.0,3,4,0,10,3,3,5,0
31,2.0,670,1.0,26,1,1.0,1,1.0,31,3,6.0,3,0.0,15170,1,0.0,3,4,1,5,1,2,2,4
34,2.0,1346,1.0,19,2,3.0,2,1.0,93,3,2.0,4,0.0,8758,0,0.0,3,3,1,3,2,3,2,1
28,2.0,103,1.0,24,3,1.0,3,1.0,50,2,2.0,3,2.0,12947,5,1.0,3,2,0,6,4,3,2,0
29,2.0,1389,1.0,21,4,1.0,2,0.0,51,4,4.0,1,0.0,10195,1,0.0,3,3,1,10,1,3,9,8
32,2.0,334,1.0,5,2,1.0,1,1.0,80,4,6.0,2,0.0,15053,0,1.0,3,4,2,7,5,2,2,0
22,0.0,1123,1.0,16,2,3.0,4,1.0,96,4,2.0,4,0.0,7324,1,1.0,3,2,2,1,2,2,0,0
53,2.0,1219,2.0,2,4,1.0,1,0.0,78,2,3.0,4,1.0,22021,2,0.0,3,3,0,31,3,3,8,3
38,2.0,371,1.0,2,3,1.0,4,1.0,45,3,6.0,4,2.0,4306,5,1.0,3,3,0,6,3,3,2,1
24,0.0,673,1.0,11,2,4.0,1,0.0,96,4,4.0,3,0.0,8232,0,0.0,3,4,1,5,5,2,2,1
36,2.0,1218,2.0,9,4,1.0,3,1.0,82,2,8.0,1,2.0,6986,7,0.0,4,2,0,10,4,3,3,0
34,2.0,419,1.0,7,4,1.0,1,0.0,53,3,5.0,2,2.0,21293,0,0.0,3,3,0,13,4,3,6,2
21,2.0,391,1.0,15,2,1.0,3,1.0,96,3,6.0,4,2.0,19281,1,0.0,3,4,0,0,6,3,0,0
34,2.0,699,1.0,6,1,3.0,2,1.0,83,3,6.0,1,2.0,17102,2,0.0,3,3,0,8,2,3,2,1
53,2.0,1282,1.0,5,3,4.0,3,0.0,58,3,3.0,3,0.0,10735,4,0.0,3,4,1,26,3,2,13,4
32,1.0,1125,1.0,16,1,1.0,2,0.0,72,1,6.0,1,2.0,4681,1,1.0,4,2,0,10,5,3,2,6
42,2.0,691,2.0,8,4,2.0,3,1.0,48,3,7.0,2,1.0,21173,0,0.0,3,4,1,10,2,3,7,4
44,2.0,477,1.0,7,4,3.0,1,0.0,42,2,0.0,4,1.0,2094,3,0.0,3,4,1,24,4,3,6,5
46,2.0,705,2.0,2,4,2.0,2,0.0,83,3,3.0,1,2.0,22822,3,0.0,3,4,0,22,2,2,2,2
33,2.0,924,1.0,2,3,3.0,3,1.0,78,3,2.0,4,2.0,6670,4,0.0,3,4,0,7,3,3,1,0
44,2.0,1459,1.0,10,4,4.0,4,1.0,41,3,0.0,4,1.0,19121,2,1.0,3,4,0,9,5,4,2,1
30,2.0,125,1.0,9,2,3.0,4,1.0,83,2,2.0,3,2.0,16117,1,0.0,3,1,0,10,5,3,0,1
39,2.0,895,2.0,5,3,5.0,4,1.0,56,3,8.0,4,1.0,3335,3,0.0,3,3,1,19,6,4,0,0
24,2.0,813,1.0,1,3,3.0,2,1.0,61,3,6.0,4,1.0,3020,2,1.0,3,1,1,6,2,2,0,2
43,2.0,1273,1.0,2,2,3.0,4,0.0,72,4,6.0,3,0.0,21923,1,0.0,3,4,2,6,3,2,3,1
50,2.0,869,2.0,3,2,2.0,1,1.0,86,2,8.0,3,1.0,3810,1,1.0,3,3,0,3,2,3,2,0
35,2.0,890,2.0,2,3,2.0,4,0.0,97,3,8.0,4,1.0,9687,1,0.0,3,1,0,2,3,3,2,2
36,2.0,852,1.0,5,4,1.0,2,0.0,82,2,6.0,1,1.0,13072,9,1.0,3,4,1,6,3,4,1,0
33,1.0,1141,2.0,1,3,1.0,3,0.0,42,4,7.0,1,1.0,3193,2,0.0,3,1,2,10,3,3,3,1
35,2.0,464,1.0,4,2,4.0,3,1.0,75,3,2.0,4,0.0,10910,1,0.0,3,3,1,1,3,3,0,0
27,2.0,1240,1.0,2,4,1.0,4,0.0,33,3,2.0,1,0.0,19715,1,0.0,3,4,1,1,6,3,0,0
26,2.0,1357,1.0,25,3,1.0,1,1.0,48,1,2.0,3,2.0,10558,1,0.0,3,3,0,1,2,2,0,0
27,1.0,994,2.0,8,3,1.0,4,1.0,37,3,7.0,3,2.0,2975,1,0.0,3,4,0,9,0,3,8,1
30,1.0,721,1.0,1,2,3.0,3,0.0,58,3,2.0,4,2.0,10781,1,0.0,4,4,0,12,2,3,8,3
41,2.0,1360,1.0,12,3,5.0,2,0.0,49,3,5.0,3,1.0,16280,1,0.0,3,4,0,23,0,3,15,15
34,0.0,1065,2.0,23,4,2.0,2,1.0,72,3,7.0,3,2.0,10034,0,0.0,4,3,0,10,2,3,5,8
37,2.0,408,1.0,19,2,1.0,2,1.0,73,3,6.0,2,1.0,10227,4,0.0,4,1,0,8,1,3,0,0
46,1.0,1211,2.0,5,4,2.0,1,1.0,98,3,7.0,4,2.0,20445,4,1.0,4,3,0,14,4,3,6,0
35,2.0,1229,1.0,8,1,1.0,4,1.0,36,4,2.0,4,1.0,4892,1,0.0,3,4,0,1,2,3,0,0
48,2.0,626,1.0,1,2,1.0,1,1.0,98,2,2.0,3,2.0,19294,9,1.0,3,4,0,23,2,3,0,0
28,2.0,1434,1.0,5,4,5.0,3,1.0,50,3,2.0,3,2.0,11179,1,1.0,3,3,0,2,3,2,2,2
44,2.0,1488,2.0,1,5,2.0,2,0.0,75,3,7.0,1,0.0,4009,5,1.0,4,3,1,9,2,2,3,1
35,0.0,1097,1.0,11,2,3.0,3,1.0,79,2,0.0,1,1.0,8302,2,1.0,3,3,1,10,3,3,0,2
26,2.0,1443,2.0,23,3,2.0,3,0.0,47,2,7.0,4,1.0,21436,7,1.0,3,3,1,5,2,2,2,0
33,1.0,515,1.0,1,2,1.0,1,0.0,98,3,5.0,4,2.0,15146,1,1.0,3,3,0,15,1,3,14,8
35,1.0,853,2.0,18,5,1.0,2,1.0,71,3,7.0,1,1.0,11031,1,0.0,4,4,1,9,3,2,8,1
35,2.0,1142,1.0,23,4,3.0,3,0.0,30,3,2.0,1,1.0,16002,3,1.0,3,3,1,4,3,3,2,2
31,2.0,655,1.0,7,4,1.0,4,1.0,48,3,2.0,4,0.0,9528,3,0.0,4,4,1,10,3,2,7,1
37,2.0,1115,1.0,1,4,1.0,1,1.0,51,2,4.0,3,0.0,2689,1,0.0,3,3,1,7,2,4,5,0
32,2.0,427,1.0,1,3,3.0,1,1.0,33,3,4.0,4,1.0,10877,1,1.0,4,2,1,9,3,3,8,7
38,1.0,653,1.0,29,5,1.0,4,0.0,50,3,2.0,4,2.0,5456,1,0.0,3,4,0,10,2,3,3,9
50,2.0,989,1.0,7,2,3.0,2,0.0,43,2,5.0,3,0.0,16701,5,1.0,3,4,1,29,2,2,3,13
59,2.0,1435,2.0,25,3,1.0,1,0.0,99,3,7.0,1,2.0,2354,7,0.0,3,4,0,28,3,2,16,7
36,2.0,1223,1.0,8,3,5.0,3,0.0,59,3,0.0,3,0.0,8202,1,0.0,3,2,3,17,2,3,14,12
55,2.0,836,1.0,8,3,3.0,4,0.0,33,3,3.0,3,0.0,19730,2,1.0,3,3,3,21,2,3,0,0
36,1.0,1195,1.0,11,3,1.0,2,1.0,95,2,4.0,2,2.0,22656,1,0.0,3,3,0,6,3,3,5,0
45,2.0,1339,1.0,7,3,1.0,2,1.0,59,3,6.0,1,0.0,18787,2,0.0,3,3,1,25,2,3,0,0
35,1.0,664,1.0,1,3,3.0,2,1.0,79,3,6.0,1,1.0,5868,4,0.0,3,4,1,5,2,2,2,1
36,2.0,318,1.0,9,3,3.0,4,1.0,79,2,6.0,3,1.0,21777,0,1.0,3,1,1,2,0,2,0,0
59,1.0,1225,2.0,1,1,1.0,1,0.0,57,2,7.0,3,2.0,24668,7,0.0,3,4,0,20,2,2,3,1
29,2.0,1328,1.0,2,3,1.0,3,1.0,76,3,6.0,2,1.0,4956,0,0.0,4,4,1,6,3,3,4,0
31,2.0,1082,1.0,1,4,3.0,3,1.0,87,3,6.0,2,2.0,18775,1,0.0,3,2,0,1,4,3,1,1
32,2.0,548,1.0,1,3,1.0,2,1.0,66,3,6.0,2,1.0,7346,1,0.0,3,2,2,10,3,3,4,0
36,2.0,132,1.0,6,3,1.0,2,0.0,55,4,2.0,4,1.0,22002,3,0.0,3,2,0,5,3,3,0,0
31,2.0,746,1.0,8,4,1.0,3,0.0,61,3,4.0,4,2.0,20682,1,0.0,4,4,0,11,2,3,7,1
35,2.0,776,2.0,1,4,2.0,3,1.0,32,2,7.0,1,2.0,23016,0,0.0,3,2,0,16,2,3,13,2
45,2.0,193,1.0,6,4,4.0,4,1.0,52,3,5.0,1,1.0,15067,4,1.0,3,2,0,17,3,4,0,0
37,2.0,397,1.0,7,4,3.0,1,1.0,30,3,5.0,3,2.0,25258,4,0.0,3,1,0,16,3,4,2,0
46,2.0,945,0.0,5,2,3.0,2,1.0,80,3,1.0,2,0.0,10425,8,1.0,4,4,1,16,2,3,2,0
30,2.0,852,1.0,1,1,1.0,4,1.0,55,2,2.0,4,1.0,15998,1,1.0,3,3,2,10,1,2,8,3
35,2.0,1214,1.0,1,3,3.0,2,1.0,30,2,6.0,3,2.0,26278,1,0.0,3,1,0,6,3,3,4,0
55,2.0,111,2.0,1,2,1.0,1,1.0,70,3,7.0,4,1.0,18092,3,0.0,3,4,1,24,4,3,0,1
38,0.0,573,1.0,6,3,3.0,2,0.0,79,1,6.0,4,0.0,15717,7,1.0,3,4,3,17,3,3,11,1
34,2.0,1153,1.0,1,2,3.0,1,1.0,94,3,4.0,2,1.0,17736,1,0.0,3,3,0,5,2,3,2,1
56,2.0,1400,1.0,7,3,1.0,4,1.0,49,1,4.0,4,2.0,21698,4,0.0,3,1,0,37,3,2,4,0
23,2.0,541,2.0,2,1,5.0,3,1.0,62,3,8.0,1,0.0,9518,3,0.0,3,3,1,3,3,3,0,0
51,2.0,432,1.0,9,4,1.0,4,1.0,96,3,2.0,4,1.0,18725,3,0.0,4,2,2,10,4,3,2,0
30,2.0,288,1.0,2,3,1.0,3,1.0,99,2,0.0,4,1.0,15830,1,0.0,3,1,3,11,3,3,10,10
46,2.0,669,2.0,9,2,3.0,3,1.0,64,2,7.0,4,2.0,13596,1,0.0,3,4,0,9,3,3,8,4
40,1.0,530,1.0,1,4,1.0,3,1.0,78,2,0.0,2,1.0,14115,1,0.0,4,4,1,22,3,2,3,11
51,2.0,632,2.0,21,4,2.0,3,1.0,71,3,7.0,4,2.0,8423,0,1.0,4,4,0,11,2,1,7,1
30,2.0,1334,2.0,4,2,3.0,3,0.0,63,2,7.0,2,0.0,19760,1,1.0,3,2,3,11,4,2,8,2
46,1.0,638,1.0,1,3,3.0,3,1.0,40,2,0.0,1,1.0,3142,2,1.0,3,3,1,21,5,2,9,9
32,2.0,1093,2.0,6,4,3.0,2,1.0,87,3,7.0,3,2.0,24301,1,0.0,3,1,0,12,0,3,8,5
54,2.0,1217,1.0,2,4,5.0,1,0.0,60,3,5.0,3,1.0,24001,9,0.0,3,1,1,16,5,1,3,0
24,2.0,1353,2.0,3,2,4.0,1,0.0,33,3,7.0,3,1.0,17519,0,0.0,4,1,1,4,2,2,2,0
28,0.0,120,2.0,4,3,3.0,2,1.0,43,3,7.0,3,1.0,8863,1,0.0,3,2,0,5,3,4,4,0
58,2.0,682,2.0,10,4,3.0,4,1.0,37,3,7.0,3,2.0,24409,0,0.0,3,3,0,38,1,2,10,1
44,0.0,489,1.0,23,3,3.0,2,1.0,67,3,2.0,2,1.0,25043,4,0.0,3,3,1,17,3,4,2,1
37,2.0,807,0.0,6,4,0.0,3,1.0,63,3,1.0,1,0.0,23648,4,1.0,4,4,0,7,3,3,2,0
32,2.0,827,1.0,1,1,1.0,4,1.0,71,3,6.0,1,2.0,15178,1,0.0,3,4,0,1,2,3,0,0
20,1.0,871,1.0,6,3,1.0,4,0.0,66,2,2.0,4,2.0,19783,1,1.0,3,2,0,1,5,3,0,1
34,2.0,665,1.0,6,4,4.0,1,0.0,41,3,6.0,3,2.0,12482,1,0.0,3,3,0,16,3,3,13,2
37,0.0,1040,1.0,2,2,1.0,3,1.0,100,2,0.0,4,0.0,15850,5,0.0,3,4,1,17,2,4,0,0
59,0.0,1420,0.0,2,4,0.0,3,0.0,32,2,3.0,4,1.0,21922,9,0.0,4,4,1,30,3,3,2,2
50,1.0,1115,1.0,1,3,1.0,1,0.0,73,3,5.0,2,1.0,9755,3,1.0,3,1,0,28,1,2,3,0
25,2.0,240,2.0,5,3,2.0,3,1.0,46,2,7.0,3,2.0,26959,1,1.0,3,4,0,6,1,3,4,0
25,2.0,1280,1.0,7,1,3.0,4,1.0,64,2,6.0,4,1.0,26897,1,0.0,3,3,2,2,2,3,2,2
22,2.0,534,1.0,15,3,3.0,2,0.0,59,3,2.0,4,2.0,23785,1,0.0,3,3,0,1,5,3,0,0
51,1.0,1456,1.0,1,4,3.0,1,0.0,30,2,0.0,1,2.0,25796,3,0.0,4,3,0,23,1,2,12,12
34,1.0,658,1.0,7,3,1.0,1,1.0,66,1,2.0,3,2.0,22887,1,1.0,4,4,0,9,3,3,7,0
54,0.0,142,0.0,26,3,0.0,4,0.0,30,4,3.0,4,2.0,13871,2,1.0,3,3,0,23,3,3,3,4
24,2.0,1127,1.0,18,1,1.0,2,1.0,52,3,2.0,3,1.0,13257,0,0.0,3,3,1,6,2,3,3,1
34,2.0,1031,1.0,6,4,1.0,3,0.0,45,2,6.0,2,0.0,15000,6,0.0,3,3,1,12,3,3,0,0
37,2.0,1189,2.0,3,3,1.0,3,1.0,87,3,7.0,4,2.0,14506,2,0.0,3,1,0,12,3,3,3,1
34,2.0,1354,1.0,5,3,3.0,3,0.0,45,2,3.0,1,2.0,5615,2,0.0,3,4,0,14,6,3,10,5
36,1.0,1467,2.0,11,2,5.0,2,0.0,92,3,7.0,4,1.0,22952,0,0.0,3,3,1,10,6,3,7,2
36,2.0,922,1.0,3,2,1.0,1,0.0,39,3,2.0,4,0.0,2561,5,0.0,4,1,1,7,2,3,0,0
43,1.0,394,2.0,26,2,1.0,3,1.0,92,3,3.0,4,1.0,19494,1,1.0,3,4,2,25,3,4,12,4
30,1.0,1312,1.0,23,3,1.0,1,1.0,96,1,6.0,3,0.0,22310,1,0.0,4,3,3,10,2,2,7,0
33,0.0,750,2.0,22,2,2.0,3,1.0,95,3,7.0,2,1.0,15480,0,0.0,3,1,1,8,2,4,7,0
56,2.0,441,1.0,14,4,1.0,2,0.0,72,3,6.0,2,1.0,4510,9,1.0,3,1,3,7,2,3,4,4
51,2.0,684,1.0,6,3,1.0,1,1.0,51,3,5.0,3,2.0,6462,7,0.0,3,3,0,23,5,3,18,15
31,2.0,249,2.0,6,4,1.0,2,1.0,76,1,7.0,3,1.0,20739,4,1.0,3,2,0,12,3,2,7,7
26,2.0,841,1.0,6,3,4.0,3,0.0,46,2,6.0,2,1.0,23300,1,0.0,3,3,0,5,3,2,4,4
58,2.0,147,1.0,23,4,3.0,4,0.0,94,3,0.0,4,1.0,3465,1,0.0,3,4,1,40,3,2,10,15
19,2.0,528,2.0,22,1,2.0,4,1.0,50,3,8.0,3,2.0,26820,1,1.0,3,4,0,0,2,2,0,0
22,2.0,594,1.0,2,1,5.0,3,1.0,100,3,2.0,4,1.0,19299,0,0.0,3,3,1,3,2,3,1,2
49,2.0,470,1.0,20,4,3.0,3,0.0,96,3,4.0,1,1.0,5549,1,0.0,3,3,0,16,2,2,11,5
43,1.0,957,1.0,28,3,3.0,2,0.0,72,4,6.0,3,2.0,16090,4,0.0,3,4,0,18,2,3,2,1
50,1.0,809,2.0,12,3,2.0,3,0.0,77,3,7.0,4,2.0,6645,4,0.0,3,4,0,16,3,3,2,2
31,2.0,542,2.0,20,3,1.0,2,0.0,71,1,7.0,3,1.0,24788,3,1.0,3,3,1,4,2,3,2,2
41,2.0,802,2.0,9,1,1.0,3,1.0,96,3,7.0,3,0.0,21196,3,1.0,3,3,1,12,2,3,7,0
26,2.0,1355,0.0,25,1,1.0,3,0.0,61,3,1.0,3,1.0,8916,1,0.0,4,4,1,8,3,3,7,5
36,2.0,216,1.0,6,2,3.0,2,1.0,84,3,4.0,2,0.0,2819,6,0.0,4,4,2,7,0,3,2,0
51,1.0,1150,1.0,8,4,1.0,1,1.0,53,1,4.0,4,2.0,25150,2,0.0,3,4,0,18,2,3,2,0
39,2.0,1329,2.0,4,4,1.0,4,0.0,47,2,7.0,3,1.0,14590,4,0.0,3,3,1,17,1,4,11,5
25,2.0,959,2.0,28,3,1.0,1,1.0,41,2,7.0,3,1.0,24835,2,0.0,3,4,0,6,3,3,2,2
30,2.0,1240,0.0,9,3,0.0,3,1.0,48,3,1.0,4,1.0,13982,0,1.0,3,4,0,12,2,1,9,4
32,2.0,1033,1.0,9,3,3.0,1,0.0,41,3,2.0,1,2.0,10224,7,0.0,4,1,0,10,2,4,4,0
45,2.0,1316,1.0,29,3,3.0,3,1.0,83,3,6.0,4,2.0,9752,5,0.0,3,2,0,9,2,2,5,0
38,2.0,364,1.0,3,5,5.0,4,0.0,32,3,6.0,3,2.0,2302,3,1.0,4,2,0,19,2,3,2,2
30,2.0,438,1.0,18,3,1.0,1,0.0,75,3,6.0,3,2.0,23910,1,0.0,3,3,0,5,4,2,4,0
32,1.0,689,2.0,9,2,3.0,4,1.0,35,1,7.0,4,0.0,22812,0,0.0,3,4,3,9,2,4,7,0
30,2.0,201,1.0,5,3,5.0,4,0.0,84,3,6.0,1,0.0,10415,5,0.0,3,4,1,8,3,3,2,2
30,2.0,1427,1.0,2,1,3.0,2,1.0,35,2,2.0,4,2.0,11162,0,0.0,3,4,0,6,3,3,3,1
41,1.0,857,1.0,10,3,1.0,4,1.0,91,2,3.0,1,0.0,12888,4,0.0,3,2,1,21,2,2,6,7
41,2.0,933,1.0,9,4,1.0,3,1.0,94,3,2.0,1,1.0,6961,2,0.0,4,4,1,7,2,3,0,1
19,2.0,1181,1.0,3,1,3.0,2,0.0,79,3,2.0,2,2.0,16102,1,0.0,3,4,0,1,3,3,0,0
40,1.0,1395,1.0,26,3,3.0,2,0.0,54,3,6.0,2,0.0,8504,1,0.0,3,1,1,20,2,3,7,2
35,2.0,662,2.0,1,5,2.0,3,1.0,94,3,7.0,2,1.0,11439,1,0.0,3,1,2,10,3,3,8,0
53,2.0,1436,2.0,6,2,2.0,2,1.0,34,3,8.0,3,1.0,16047,2,1.0,4,4,1,13,3,1,7,4
45,2.0,194,1.0,9,3,1.0,2,1.0,60,3,2.0,2,0.0,10901,8,0.0,3,3,1,20,2,1,9,0
32,1.0,967,2.0,8,3,2.0,2,0.0,43,3,7.0,4,2.0,15589,1,0.0,3,4,0,9,2,3,8,3
29,0.0,1496,1.0,1,1,5.0,4,1.0,41,3,4.0,3,1.0,26283,1,0.0,3,1,1,10,1,3,7,0
51,2.0,1169,1.0,7,4,3.0,2,1.0,34,2,4.0,3,1.0,13983,2,0.0,3,3,0,10,2,3,0,0
58,2.0,1145,1.0,9,3,3.0,2,0.0,75,2,6.0,2,1.0,11873,4,1.0,4,2,1,9,3,2,0,0
40,2.0,630,2.0,4,4,2.0,3,1.0,67,2,7.0,4,1.0,8552,7,0.0,3,1,1,15,2,2,11,2
34,1.0,303,2.0,2,4,2.0,3,0.0,75,3,8.0,3,1.0,11314,6,0.0,3,4,1,6,3,3,3,1
22,2.0,1256,1.0,19,1,3.0,3,1.0,80,3,6.0,4,1.0,11992,1,0.0,4,1,2,2,6,3,2,2
27,0.0,691,1.0,9,3,3.0,4,1.0,57,3,6.0,2,0.0,5970,6,0.0,3,4,1,6,1,1,2,2
28,2.0,440,1.0,21,3,3.0,3,1.0,42,3,6.0,4,1.0,6672,1,0.0,3,3,1,5,2,1,2,0
57,2.0,334,1.0,24,2,1.0,3,1.0,83,4,0.0,4,0.0,23402,3,1.0,3,2,1,12,2,1,3,1
27,0.0,1450,1.0,3,3,3.0,3,1.0,79,2,6.0,3,0.0,25326,1,1.0,3,4,1,1,2,2,1,0
50,2.0,1452,1.0,11,3,1.0,3,0.0,53,3,3.0,2,2.0,17053,3,0.0,3,2,0,21,5,3,4,4
41,2.0,465,1.0,14,3,1.0,1,1.0,56,3,6.0,3,0.0,4609,4,0.0,3,1,1,13,2,3,8,1
30,2.0,1339,2.0,5,3,1.0,2,0.0,41,3,7.0,4,1.0,8053,2,0.0,3,3,1,12,2,3,9,7
38,2.0,702,2.0,1,4,1.0,1,0.0,59,2,7.0,4,2.0,12930,4,0.0,4,3,0,12,2,4,3,0
32,2.0,120,1.0,6,5,1.0,3,1.0,43,3,6.0,3,2.0,12430,3,0.0,4,1,0,8,2,3,4,1
27,2.0,1157,1.0,17,3,5.0,3,1.0,51,3,6.0,2,1.0,13364,0,1.0,3,4,1,6,3,2,2,1
19,1.0,602,2.0,1,1,5.0,3,0.0,100,1,8.0,1,2.0,20989,0,0.0,4,1,0,1,5,4,0,0
36,1.0,1480,1.0,3,2,3.0,4,1.0,30,3,2.0,2,2.0,15062,4,0.0,3,3,0,13,3,2,7,7
30,0.0,111,1.0,9,3,3.0,3,1.0,66,3,2.0,1,0.0,11012,1,0.0,3,3,2,12,4,3,9,6
45,2.0,1268,2.0,4,2,1.0,3,0.0,30,3,7.0,1,0.0,6319,4,1.0,3,1,1,9,3,4,4,0
56,2.0,713,1.0,8,3,1.0,3,0.0,67,3,6.0,1,0.0,13939,4,1.0,3,3,1,19,3,3,2,2
33,2.0,134,1.0,2,3,1.0,3,1.0,90,3,6.0,4,2.0,10515,0,0.0,3,1,0,4,2,4,1,0
19,2.0,303,1.0,2,3,1.0,2,1.0,47,2,2.0,4,2.0,9241,1,0.0,4,3,0,1,3,2,0,1
46,2.0,526,2.0,1,2,2.0,2,0.0,92,3,7.0,1,0.0,2137,1,0.0,4,3,3,24,2,3,13,15
38,2.0,1380,1.0,9,2,1.0,3,0.0,75,3,2.0,4,2.0,6319,1,0.0,3,3,0,2,3,3,2,2
31,2.0,140,1.0,12,1,3.0,3,0.0,95,3,6.0,4,1.0,6984,8,1.0,4,3,1,7,0,3,2,0
34,2.0,629,1.0,27,2,3.0,4,0.0,95,3,6.0,2,2.0,5711,2,0.0,3,4,0,9,3,3,2,1
41,2.0,1356,2.0,20,2,2.0,2,0.0,70,3,8.0,2,2.0,21728,1,1.0,4,4,0,4,5,2,3,0
50,2.0,328,1.0,1,3,3.0,3,1.0,86,2,2.0,3,1.0,3425,2,0.0,3,4,1,5,2,2,2,0
53,2.0,1084,1.0,13,2,3.0,4,0.0,57,4,4.0,1,0.0,26250,1,0.0,3,3,2,5,3,3,2,1
33,2.0,931,1.0,14,3,3.0,4,0.0,72,3,6.0,2,1.0,4673,1,0.0,3,4,1,8,5,3,7,1
40,2.0,989,1.0,4,1,3.0,4,0.0,46,3,3.0,3,1.0,6499,1,0.0,3,2,1,21,2,3,8,9
55,2.0,692,1.0,14,4,3.0,3,1.0,61,4,5.0,2,2.0,13339,8,0.0,3,4,0,36,3,3,15,2
34,1.0,1069,1.0,2,1,1.0,4,1.0,45,2,4.0,3,1.0,14074,1,0.0,3,3,0,10,2,2,9,1
51,2.0,313,1.0,3,3,3.0,4,0.0,98,3,0.0,2,2.0,7192,3,0.0,3,3,0,21,6,3,7,1
52,2.0,699,1.0,1,4,1.0,3,1.0,65,2,3.0,3,1.0,5678,0,0.0,3,1,1,34,5,3,18,11
27,2.0,894,1.0,9,3,3.0,4,0.0,99,3,6.0,2,2.0,11781,1,0.0,3,4,0,7,2,2,7,0
35,2.0,556,1.0,23,2,1.0,2,1.0,50,2,4.0,3,1.0,15497,3,1.0,3,1,0,8,1,3,0,0
43,0.0,1344,1.0,7,3,3.0,4,1.0,37,4,6.0,4,0.0,5228,4,0.0,3,4,3,7,3,4,4,2
45,0.0,1195,1.0,2,2,3.0,1,1.0,65,2,3.0,4,1.0,20462,9,0.0,4,4,1,22,1,3,8,11
37,2.0,290,1.0,21,3,1.0,2,1.0,65,4,6.0,1,1.0,22977,1,1.0,3,1,1,8,3,2,7,1
35,1.0,138,1.0,2,3,3.0,2,0.0,37,3,2.0,2,2.0,15986,5,0.0,3,4,0,10,5,3,2,1
42,0.0,926,1.0,21,2,3.0,3,0.0,36,3,4.0,3,0.0,16439,2,0.0,3,2,1,11,5,3,3,0
38,2.0,1261,1.0,2,4,1.0,4,1.0,88,3,4.0,3,1.0,7259,9,0.0,3,2,0,14,3,3,0,0
38,2.0,1084,1.0,29,3,5.0,4,1.0,54,3,4.0,4,1.0,4185,3,0.0,3,1,1,9,3,1,7,1
27,1.0,472,1.0,1,1,5.0,3,1.0,60,2,4.0,1,1.0,9679,5,0.0,3,3,1,6,1,3,2,2
49,0.0,1002,1.0,18,4,1.0,4,1.0,92,3,4.0,4,0.0,23793,1,1.0,3,1,2,7,0,3,7,1
34,1.0,878,1.0,10,4,3.0,4,1.0,43,3,6.0,3,0.0,5972,1,1.0,3,4,1,5,4,4,3,2
40,2.0,905,1.0,19,2,3.0,3,1.0,99,3,2.0,4,1.0,16523,8,1.0,3,3,1,15,2,4,2,3
38,2.0,1180,1.0,29,1,3.0,2,1.0,70,3,0.0,1,1.0,11354,7,1.0,3,2,0,17,2,3,0,0
29,2.0,121,2.0,27,3,2.0,2,0.0,35,3,7.0,4,1.0,24525,1,0.0,4,4,3,10,3,2,4,1
22,2.0,1136,1.0,5,3,1.0,4,1.0,60,4,6.0,2,0.0,12392,1,1.0,3,1,1,4,2,2,2,2
36,1.0,635,1.0,18,1,3.0,2,0.0,73,3,2.0,4,2.0,7703,1,0.0,3,1,0,8,2,3,1,1
40,0.0,1151,1.0,9,5,1.0,4,1.0,63,2,0.0,4,1.0,14242,9,0.0,3,4,1,5,5,1,2,0
46,2.0,644,1.0,1,4,3.0,4,1.0,97,3,0.0,1,0.0,12368,7,0.0,3,3,1,17,3,3,2,0
32,2.0,1045,2.0,4,4,3.0,4,1.0,32,1,7.0,4,1.0,25812,1,0.0,3,3,0,14,2,2,8,9
30,0.0,829,1.0,1,1,1.0,3,1.0,88,2,4.0,3,2.0,20925,1,0.0,4,3,0,12,2,3,8,5
27,1.0,1242,2.0,20,3,1.0,4,0.0,90,3,7.0,3,2.0,12916,1,0.0,3,4,0,7,2,3,7,0
51,2.0,1469,1.0,8,4,1.0,2,1.0,81,2,5.0,2,1.0,15736,5,0.0,3,4,2,16,5,1,9,4
30,2.0,1005,1.0,3,3,5.0,4,0.0,88,3,6.0,1,2.0,8556,5,1.0,3,3,0,8,5,3,2,0
41,2.0,896,2.0,6,3,1.0,4,0.0,75,3,3.0,4,2.0,14674,3,1.0,3,3,0,16,3,3,0,0
30,1.0,334,2.0,26,4,2.0,3,0.0,52,2,7.0,1,2.0,22967,5,0.0,3,3,0,9,5,2,3,0
29,2.0,992,1.0,1,3,5.0,3,1.0,85,3,6.0,3,2.0,19757,0,0.0,3,4,0,7,1,2,2,1
45,0.0,1052,2.0,6,3,3.0,4,0.0,57,2,7.0,4,2.0,16840,6,0.0,3,4,0,23,2,3,7,12
54,2.0,1147,2.0,3,3,2.0,4,0.0,52,3,7.0,1,1.0,17011,2,0.0,3,4,1,16,4,3,2,0
36,2.0,1396,1.0,5,2,1.0,4,1.0,62,3,2.0,2,2.0,9945,8,0.0,3,4,0,16,3,4,11,3
33,2.0,147,1.0,4,4,3.0,3,0.0,47,2,6.0,2,1.0,13248,6,0.0,4,4,0,7,3,3,2,1
37,1.0,663,1.0,11,3,4.0,2,1.0,47,3,5.0,4,0.0,10056,1,1.0,3,3,3,10,1,3,8,0
38,2.0,119,2.0,3,3,1.0,1,1.0,76,3,7.0,3,0.0,9647,0,0.0,3,3,2,17,6,2,10,5
31,0.0,979,1.0,1,4,3.0,3,1.0,90,1,4.0,3,1.0,4381,0,0.0,3,4,1,6,2,3,4,1
59,2.0,142,1.0,3,3,1.0,3,1.0,70,2,6.0,4,1.0,8456,3,0.0,3,1,1,7,6,3,0,0
37,1.0,319,2.0,4,4,2.0,1,1.0,41,3,8.0,4,0.0,2539,4,0.0,3,3,1,13,2,3,8,5
29,1.0,1413,2.0,1,1,3.0,2,0.0,42,3,7.0,4,1.0,6599,1,0.0,3,4,1,11,5,3,10,4
35,1.0,944,2.0,1,3,2.0,3,0.0,92,3,7.0,3,2.0,9096,1,0.0,3,1,0,10,3,4,7,0
29,2.0,896,1.0,18,1,3.0,3,1.0,86,2,6.0,4,2.0,14961,1,1.0,3,3,0,4,3,2,3,0
52,2.0,1323,1.0,2,3,1.0,3,0.0,89,2,2.0,4,2.0,3300,7,0.0,3,2,0,6,3,2,2,2
42,2.0,532,1.0,4,2,5.0,3,1.0,58,3,3.0,4,1.0,4933,1,0.0,3,4,0,22,3,3,17,11
59,2.0,818,0.0,6,2,3.0,2,1.0,52,3,1.0,3,1.0,25657,8,0.0,3,4,0,7,2,2,2,2
50,2.0,854,2.0,1,4,3.0,4,0.0,68,3,3.0,4,0.0,24118,3,0.0,3,3,1,32,3,2,0,0
33,2.0,813,1.0,14,3,3.0,3,1.0,58,3,2.0,4,1.0,22149,5,1.0,3,3,1,8,2,1,4,0
43,2.0,1034,2.0,16,3,2.0,4,0.0,80,3,3.0,4,1.0,7744,5,1.0,4,3,1,22,3,3,13,1
33,2.0,465,1.0,2,2,1.0,1,0.0,39,3,2.0,1,1.0,21509,7,0.0,4,1,0,13,3,4,7,1
52,0.0,771,2.0,2,4,1.0,1,1.0,79,2,3.0,3,2.0,21030,1,1.0,3,4,0,33,2,4,7,15
32,2.0,1401,2.0,4,2,1.0,3,0.0,56,3,8.0,2,1.0,20990,2,0.0,3,1,1,6,5,3,3,1
32,2.0,515,1.0,1,3,1.0,4,1.0,62,2,2.0,3,2.0,9571,0,1.0,3,4,0,4,2,1,2,1
39,2.0,1431,1.0,1,4,3.0,3,0.0,96,3,2.0,3,0.0,15417,7,0.0,3,3,3,7,1,3,2,1
32,0.0,976,2.0,26,4,2.0,3,1.0,100,3,7.0,4,1.0,12069,0,0.0,3,1,0,4,2,3,2,2
41,2.0,1411,1.0,19,2,1.0,3,1.0,36,3,6.0,1,0.0,19877,2,0.0,3,1,2,17,2,2,0,0
40,2.0,1300,1.0,24,2,5.0,1,1.0,62,3,6.0,4,0.0,24447,1,0.0,3,1,2,9,3,3,8,4
45,2.0,252,1.0,1,3,4.0,3,1.0,70,4,3.0,4,1.0,15970,0,0.0,3,3,1,25,2,3,0,1
31,1.0,1327,1.0,3,4,3.0,2,1.0,73,3,5.0,3,0.0,13523,9,0.0,3,1,1,9,3,3,2,2
33,2.0,832,1.0,5,4,1.0,3,0.0,63,2,6.0,4,1.0,14776,1,0.0,3,3,1,2,2,2,2,0
34,2.0,470,1.0,2,4,1.0,4,1.0,84,2,4.0,1,1.0,23687,6,0.0,3,2,1,13,3,3,9,5
37,2.0,1017,1.0,1,2,3.0,3,0.0,83,2,6.0,1,1.0,18697,2,0.0,3,1,1,17,2,2,1,0
45,1.0,1199,1.0,7,4,1.0,1,1.0,77,4,4.0,3,1.0,5118,4,0.0,3,4,1,9,1,3,2,0
37,1.0,504,1.0,10,3,3.0,1,1.0,61,3,4.0,3,0.0,22573,6,0.0,3,2,2,17,5,3,0,0
39,1.0,505,1.0,2,4,5.0,3,0.0,64,3,0.0,3,2.0,6420,0,0.0,4,4,0,20,1,3,6,11
29,2.0,665,1.0,15,3,1.0,3,1.0,60,3,6.0,4,2.0,22673,1,0.0,3,1,0,6,1,3,5,1
42,2.0,916,1.0,17,2,1.0,4,0.0,82,4,6.0,1,2.0,23016,3,1.0,3,3,0,10,1,3,2,0
29,2.0,1247,2.0,20,2,2.0,4,1.0,45,3,7.0,4,0.0,10732,2,0.0,3,4,1,10,2,3,2,0
25,2.0,685,1.0,1,3,1.0,1,0.0,62,3,4.0,3,1.0,7505,0,0.0,3,4,2,5,3,3,2,1
42,2.0,269,1.0,2,3,3.0,4,0.0,56,2,2.0,1,0.0,8007,0,1.0,3,3,1,10,4,3,6,7
40,2.0,1416,1.0,2,2,3.0,1,1.0,49,3,5.0,3,0.0,5949,0,0.0,3,4,1,22,5,3,7,3
51,2.0,833,1.0,1,3,1.0,3,1.0,96,3,6.0,4,1.0,23231,1,0.0,3,2,0,1,0,2,0,0
31,1.0,307,1.0,29,2,3.0,3,1.0,71,2,2.0,2,2.0,11652,0,0.0,3,2,0,6,2,4,4,1
32,1.0,1311,1.0,7,3,1.0,2,1.0,100,4,2.0,2,1.0,26062,1,0.0,4,3,0,5,3,1,1,0
38,0.0,1327,2.0,2,2,1.0,4,1.0,39,2,7.0,4,1.0,19682,3,0.0,3,4,1,13,0,3,7,7
32,2.0,128,1.0,2,1,5.0,4,1.0,84,2,2.0,1,2.0,19737,4,0.0,3,4,0,9,5,3,2,0
46,2.0,488,2.0,2,3,5.0,3,0.0,75,1,3.0,2,1.0,14977,3,1.0,3,2,1,28,2,2,7,7
28,2.0,529,1.0,2,4,1.0,1,1.0,79,3,2.0,3,2.0,14935,2,0.0,3,3,0,5,5,1,0,0
29,2.0,1210,2.0,2,3,3.0,1,1.0,78,2,7.0,2,1.0,3687,2,0.0,3,2,2,10,2,3,0,0
31,2.0,1463,1.0,23,3,3.0,2,1.0,64,2,0.0,4,1.0,14408,0,0.0,4,2,1,10,2,3,0,7
25,0.0,675,1.0,5,2,1.0,2,1.0,85,4,0.0,1,0.0,18384,1,0.0,3,4,2,6,2,3,3,1
45,2.0,1385,1.0,20,2,3.0,3,1.0,79,3,0.0,4,1.0,7501,0,1.0,3,2,0,21,2,3,7,4
36,2.0,1403,1.0,6,3,1.0,4,1.0,47,3,2.0,4,1.0,20251,0,0.0,3,3,1,16,4,3,13,10
55,2.0,452,1.0,1,3,3.0,4,1.0,81,3,3.0,1,2.0,18938,0,1.0,3,3,0,37,2,3,10,4
47,0.0,666,1.0,29,4,1.0,1,1.0,88,3,3.0,2,1.0,10268,1,1.0,3,4,1,10,2,2,7,9
28,2.0,1158,1.0,9,3,3.0,4,1.0,94,3,6.0,4,1.0,2613,1,0.0,4,4,1,5,3,2,2,0
37,2.0,228,2.0,6,4,3.0,3,1.0,98,3,7.0,4,1.0,22825,4,0.0,3,2,1,7,5,4,4,0
21,2.0,996,1.0,3,2,3.0,4,1.0,100,2,6.0,3,2.0,10531,1,0.0,3,1,0,3,4,4,2,1
37,0.0,728,1.0,1,4,3.0,1,0.0,80,3,5.0,4,0.0,11677,2,1.0,3,1,2,15,2,3,2,0
35,2.0,1315,1.0,22,3,1.0,2,0.0,71,4,3.0,2,0.0,19100,7,0.0,3,2,1,10,6,2,7,6
38,2.0,322,2.0,7,2,3.0,1,0.0,44,4,7.0,1,0.0,19191,1,1.0,4,3,1,8,3,3,0,7
26,1.0,1479,1.0,1,3,1.0,3,0.0,84,3,4.0,2,0.0,26767,1,0.0,4,1,1,6,6,1,5,1
50,2.0,797,1.0,4,1,1.0,1,1.0,96,3,5.0,2,0.0,15815,3,0.0,3,1,2,28,4,2,4,1
53,2.0,1070,1.0,3,4,3.0,3,1.0,45,3,5.0,3,1.0,21016,3,1.0,3,4,3,21,5,2,3,1
42,2.0,635,2.0,1,1,1.0,2,1.0,99,3,7.0,3,1.0,24532,1,0.0,4,3,0,20,3,3,16,11
29,1.0,442,2.0,2,2,1.0,2,1.0,44,3,7.0,4,2.0,20260,1,0.0,3,1,0,10,3,2,7,0
55,2.0,147,1.0,20,2,5.0,2,1.0,37,3,2.0,4,1.0,15972,3,1.0,3,4,1,12,4,3,7,0
26,1.0,496,1.0,11,2,3.0,1,1.0,60,3,0.0,1,1.0,22722,1,1.0,3,3,1,5,3,3,3,3
37,2.0,1372,1.0,1,3,1.0,4,0.0,42,3,6.0,4,2.0,15881,1,0.0,3,2,0,17,3,3,12,5
44,1.0,920,1.0,24,3,1.0,4,1.0,43,3,2.0,3,0.0,19920,3,1.0,4,4,1,19,0,1,0,0
38,2.0,688,1.0,23,4,1.0,4,1.0,82,3,0.0,4,0.0,18899,9,0.0,3,2,1,10,2,3,2,1
26,2.0,1449,1.0,16,4,3.0,1,1.0,45,3,2.0,2,0.0,14180,2,1.0,3,4,1,5,2,3,2,0
28,2.0,1117,1.0,8,2,1.0,4,0.0,66,3,6.0,4,2.0,4488,1,0.0,4,4,0,5,3,3,3,0
49,1.0,636,1.0,10,4,1.0,3,0.0,35,3,5.0,1,2.0,25594,9,1.0,3,4,0,22,4,3,2,1
36,2.0,506,1.0,3,3,5.0,3,1.0,30,3,6.0,2,2.0,26285,4,0.0,3,4,0,10,2,3,0,7
31,1.0,444,2.0,5,3,2.0,4,0.0,84,3,8.0,2,0.0,3909,1,0.0,3,3,1,2,5,2,2,2
26,2.0,950,2.0,4,4,2.0,4,1.0,48,2,7.0,4,2.0,8450,1,1.0,3,2,0,8,0,3,7,7
37,1.0,889,1.0,9,3,3.0,2,1.0,53,3,6.0,4,1.0,11411,1,1.0,3,3,3,4,3,2,2,1
42,1.0,555,2.0,26,3,2.0,3,0.0,77,3,7.0,2,1.0,14864,5,0.0,3,4,1,23,2,4,4,4
18,2.0,230,1.0,3,3,1.0,3,1.0,54,3,2.0,3,2.0,25233,1,0.0,3,3,0,0,2,3,0,0
35,2.0,1232,2.0,16,3,2.0,3,1.0,96,3,7.0,2,1.0,5100,0,0.0,3,3,2,12,3,2,9,6
36,1.0,566,1.0,18,4,1.0,3,1.0,81,4,2.0,4,1.0,7122,4,0.0,3,4,2,4,2,3,0,0
51,2.0,1302,1.0,2,3,3.0,4,1.0,84,1,4.0,2,0.0,16321,5,0.0,3,4,1,13,3,3,1,1
41,2.0,334,2.0,2,4,1.0,4,1.0,88,3,3.0,2,2.0,15896,1,0.0,3,2,0,22,2,3,10,0
18,2.0,812,2.0,10,3,3.0,4,0.0,69,2,8.0,3,2.0,9724,1,0.0,3,1,0,0,2,3,0,0
28,2.0,1476,1.0,16,2,3.0,2,1.0,68,4,0.0,1,2.0,4824,0,0.0,3,3,0,9,2,3,3,0
31,2.0,218,2.0,7,3,5.0,2,1.0,100,4,7.0,4,1.0,12241,4,0.0,3,2,1,10,3,2,7,7
39,2.0,1132,1.0,1,3,3.0,3,1.0,48,4,0.0,4,0.0,10942,0,0.0,3,1,3,19,5,2,10,3
36,0.0,1105,1.0,24,4,1.0,2,0.0,47,3,2.0,2,1.0,6927,7,0.0,3,3,1,11,3,3,8,0
32,2.0,906,2.0,7,3,1.0,4,1.0,91,2,7.0,3,1.0,16985,1,0.0,3,3,1,13,3,2,8,4
38,2.0,849,1.0,25,2,1.0,1,0.0,81,2,5.0,2,1.0,26707,3,0.0,3,3,1,19,2,3,8,0
58,0.0,390,1.0,1,4,1.0,4,1.0,32,1,0.0,3,0.0,17056,2,1.0,3,4,1,12,2,3,3,1
31,2.0,691,1.0,5,4,5.0,3,1.0,86,3,6.0,4,1.0,10077,0,1.0,3,3,1,6,4,3,2,0
31,2.0,106,0.0,2,3,0.0,1,1.0,62,2,1.0,1,1.0,17822,3,0.0,3,4,0,9,1,3,2,1
45,1.0,1249,1.0,7,3,1.0,1,1.0,97,3,2.0,1,0.0,20308,1,0.0,3,1,1,24,2,3,9,9
31,2.0,192,1.0,2,4,1.0,3,1.0,32,3,6.0,4,0.0,7747,0,1.0,3,2,1,3,2,1,2,2
33,1.0,553,1.0,5,4,1.0,4,0.0,74,3,3.0,2,1.0,23364,6,0.0,3,2,2,12,2,3,6,8
39,2.0,117,1.0,10,1,3.0,3,1.0,99,3,3.0,1,1.0,5355,1,1.0,3,4,0,21,3,3,9,11
43,1.0,185,1.0,10,4,1.0,3,0.0,33,3,2.0,4,2.0,10675,0,0.0,3,1,0,9,5,3,7,1
49,2.0,1091,1.0,1,2,5.0,3,0.0,90,2,0.0,3,2.0,17810,7,1.0,3,4,0,25,2,3,1,0
52,2.0,723,1.0,8,4,3.0,3,1.0,85,2,6.0,2,1.0,17747,2,0.0,3,1,0,11,3,2,2,7
27,2.0,1220,1.0,5,3,1.0,3,0.0,85,3,6.0,2,2.0,20938,1,1.0,3,2,0,4,2,2,3,1
32,2.0,588,2.0,8,2,5.0,3,0.0,65,2,7.0,2,1.0,24624,1,1.0,3,4,0,13,2,3,12,11
27,2.0,1377,2.0,2,3,1.0,4,1.0,74,3,7.0,3,2.0,5242,1,1.0,3,1,0,5,3,3,4,0
31,2.0,691,2.0,7,3,2.0,4,1.0,73,3,7.0,4,0.0,7143,4,0.0,3,4,3,13,3,3,7,1
32,2.0,1018,1.0,2,4,3.0,1,0.0,74,4,6.0,4,2.0,10557,7,0.0,3,3,0,10,0,2,7,0
28,2.0,1157,1.0,2,4,3.0,1,1.0,84,1,6.0,4,1.0,24737,5,1.0,3,4,0,5,4,2,2,2
30,2.0,1275,1.0,28,2,3.0,4,0.0,64,3,6.0,4,1.0,11934,1,0.0,3,4,2,11,2,3,8,1
31,1.0,798,1.0,7,2,1.0,3,0.0,48,2,4.0,3,1.0,14034,1,0.0,4,1,1,10,2,3,9,8
39,1.0,672,1.0,7,2,3.0,3,1.0,54,2,3.0,4,1.0,21141,1,0.0,3,1,1,21,2,3,9,13
39,2.0,1162,2.0,3,2,3.0,4,0.0,41,3,7.0,3,1.0,17778,4,1.0,3,1,0,12,3,2,0,0
33,1.0,508,2.0,10,3,2.0,2,1.0,46,2,7.0,4,2.0,4317,3,0.0,3,3,0,9,6,2,7,0
47,2.0,1482,1.0,5,5,1.0,4,1.0,42,3,5.0,3,1.0,16375,4,0.0,3,2,1,21,2,3,2,1
43,1.0,559,1.0,10,4,1.0,3,0.0,82,2,2.0,3,0.0,6227,1,0.0,3,2,1,9,3,4,7,0
27,0.0,210,2.0,1,1,2.0,3,1.0,73,3,7.0,2,1.0,22107,0,1.0,3,4,1,6,0,3,4,1
54,1.0,928,1.0,20,4,1.0,4,0.0,31,3,6.0,3,2.0,16885,3,0.0,3,4,0,20,4,2,3,0
43,2.0,1001,1.0,7,3,1.0,3,0.0,43,3,0.0,1,1.0,9262,8,0.0,3,1,1,10,1,2,0,0
45,2.0,549,1.0,8,4,4.0,4,1.0,75,3,6.0,4,1.0,9278,9,0.0,3,1,2,12,3,3,9,9
40,2.0,1124,2.0,1,2,3.0,2,1.0,57,1,7.0,4,1.0,13273,2,1.0,4,3,3,6,2,2,3,0
29,2.0,318,1.0,8,4,4.0,2,1.0,77,1,2.0,1,1.0,4759,1,1.0,3,4,0,7,4,2,7,0
29,2.0,738,1.0,9,5,4.0,2,1.0,30,2,2.0,4,2.0,7621,0,0.0,3,3,0,4,2,3,2,2
30,2.0,570,2.0,5,3,2.0,4,0.0,30,2,7.0,3,0.0,5431,1,0.0,3,3,3,10,2,3,9,1
27,2.0,1130,2.0,8,4,2.0,2,0.0,56,3,7.0,2,1.0,3415,1,0.0,3,1,1,8,3,3,7,0
37,2.0,1192,1.0,5,2,3.0,4,1.0,61,3,4.0,4,0.0,23177,7,0.0,3,3,2,8,2,2,2,0
38,2.0,343,1.0,15,2,1.0,3,1.0,92,2,5.0,4,0.0,15682,0,1.0,3,2,1,12,3,3,10,2
31,2.0,1232,1.0,7,4,3.0,3,0.0,39,3,4.0,4,2.0,25713,1,1.0,3,3,0,11,2,2,9,4
29,2.0,144,2.0,10,1,2.0,4,0.0,39,2,7.0,2,0.0,11866,1,1.0,3,1,2,7,2,3,7,1
35,2.0,1296,1.0,5,4,5.0,3,1.0,62,3,4.0,2,2.0,18264,0,0.0,3,4,0,17,5,3,6,0
23,2.0,1309,1.0,26,1,1.0,3,1.0,83,3,6.0,4,0.0,16092,1,0.0,3,3,2,4,2,2,2,0
41,2.0,483,1.0,6,3,3.0,4,1.0,95,2,4.0,2,2.0,10110,6,1.0,3,4,0,8,3,3,4,1
47,1.0,1309,2.0,4,1,3.0,2,1.0,99,3,8.0,3,2.0,25751,3,0.0,3,1,0,5,3,3,0,0
42,2.0,810,1.0,23,5,1.0,1,0.0,44,3,5.0,4,2.0,15901,2,0.0,3,2,0,16,2,3,0,0
29,0.0,746,2.0,2,3,1.0,4,1.0,61,3,7.0,3,1.0,16928,1,0.0,3,1,1,4,3,2,3,0
42,2.0,544,0.0,2,1,5.0,3,1.0,52,3,1.0,3,0.0,24017,0,1.0,3,3,1,4,5,3,2,1
32,2.0,1062,1.0,2,3,3.0,3,0.0,75,3,2.0,2,1.0,3956,1,0.0,3,3,1,8,4,3,0,0
48,2.0,530,2.0,29,1,3.0,1,0.0,91,3,3.0,3,1.0,23978,3,0.0,4,2,1,15,3,1,0,0
37,2.0,1319,1.0,6,3,3.0,3,1.0,51,4,6.0,1,0.0,17001,4,1.0,3,1,2,13,2,3,7,6
30,0.0,641,2.0,25,2,5.0,4,0.0,85,3,7.0,3,1.0,6069,7,1.0,3,2,1,4,2,4,2,2
26,2.0,933,2.0,1,3,1.0,3,1.0,57,3,7.0,3,1.0,20156,1,0.0,3,2,1,8,3,3,7,7
42,2.0,1332,1.0,2,4,4.0,1,1.0,98,2,0.0,4,2.0,17078,3,0.0,4,2,0,14,6,3,0,0
21,1.0,756,2.0,1,1,5.0,1,0.0,99,2,8.0,2,2.0,9150,1,1.0,3,3,0,3,3,3,2,1
36,0.0,845,2.0,1,5,3.0,4,0.0,45,3,7.0,4,2.0,15276,4,0.0,3,2,0,7,6,3,0,0
36,1.0,541,2.0,3,4,3.0,1,1.0,48,2,7.0,4,1.0,7246,4,0.0,3,1,1,16,2,3,9,1
57,2.0,593,1.0,1,4,3.0,4,1.0,88,3,0.0,3,1.0,2967,2,0.0,3,3,0,15,2,3,2,1
40,2.0,1171,1.0,10,4,1.0,4,0.0,46,4,2.0,3,1.0,22495,3,1.0,3,3,1,10,3,3,7,1
21,0.0,895,2.0,9,2,3.0,1,1.0,39,3,8.0,4,2.0,2851,1,0.0,4,3,0,3,3,2,2,2
33,2.0,350,2.0,5,3,2.0,4,0.0,34,3,8.0,3,2.0,9150,1,1.0,3,2,0,1,2,3,0,0
37,2.0,921,1.0,10,3,3.0,3,0.0,98,3,2.0,1,1.0,17663,6,0.0,4,2,1,17,3,3,4,0
46,0.0,1144,1.0,7,4,3.0,3,0.0,30,3,4.0,3,1.0,16044,2,0.0,3,3,0,7,2,4,0,0
41,1.0,143,2.0,4,3,2.0,1,1.0,56,3,7.0,2,2.0,9558,1,0.0,3,3,0,8,5,3,7,7
50,2.0,1046,1.0,10,3,5.0,4,1.0,100,2,0.0,4,2.0,2755,6,0.0,3,4,0,20,2,3,3,1
40,2.0,575,2.0,22,2,2.0,3,1.0,68,2,7.0,3,1.0,6110,2,1.0,3,1,2,8,6,3,4,1
31,2.0,408,1.0,9,4,1.0,3,1.0,42,2,6.0,2,2.0,7551,0,1.0,3,4,0,3,5,3,2,2
21,2.0,156,2.0,12,3,1.0,3,0.0,90,4,8.0,2,2.0,25422,1,0.0,3,4,0,1,0,3,0,0
29,2.0,1283,1.0,23,3,1.0,4,1.0,54,3,6.0,4,2.0,18168,9,0.0,3,4,0,6,4,3,2,1
35,2.0,755,1.0,9,4,1.0,3,1.0,97,2,0.0,2,2.0,19394,9,0.0,3,3,0,10,5,3,1,0
27,2.0,1469,1.0,1,2,3.0,4,1.0,82,3,2.0,2,0.0,17881,1,0.0,3,2,1,5,2,3,2,0
28,2.0,304,2.0,9,4,1.0,2,1.0,92,3,7.0,4,2.0,20750,1,0.0,3,4,0,7,1,3,5,0
49,2.0,1261,1.0,7,3,4.0,2,1.0,31,2,0.0,3,2.0,12066,8,0.0,4,3,0,26,2,3,2,0
51,2.0,1178,2.0,14,2,1.0,3,0.0,87,3,7.0,4,1.0,14862,4,0.0,3,3,1,18,2,2,7,0
36,2.0,329,1.0,2,3,1.0,4,0.0,96,3,6.0,3,1.0,11868,4,0.0,3,2,1,6,3,3,2,2
34,0.0,1362,2.0,19,3,2.0,1,1.0,67,4,7.0,4,2.0,4652,8,1.0,3,2,0,9,3,2,2,0
55,2.0,1311,1.0,2,3,1.0,3,0.0,97,3,3.0,4,2.0,23258,2,1.0,3,3,0,30,2,3,4,1
24,2.0,1371,2.0,10,4,2.0,4,0.0,77,3,7.0,3,0.0,5915,1,1.0,3,4,1,5,2,4,2,0
30,2.0,202,2.0,2,1,5.0,3,1.0,72,3,8.0,2,1.0,17434,1,0.0,3,1,1,1,3,3,0,0
26,1.0,575,1.0,3,1,5.0,3,1.0,73,3,6.0,1,2.0,6582,0,0.0,4,3,0,7,2,3,4,0
22,2.0,253,1.0,11,3,3.0,1,0.0,43,3,6.0,2,1.0,24440,1,0.0,3,4,1,2,1,3,1,1
36,2.0,164,2.0,2,2,3.0,2,1.0,61,2,7.0,3,1.0,3809,1,0.0,3,2,2,10,2,3,9,9
30,1.0,464,1.0,4,3,5.0,3,1.0,40,3,6.0,4,2.0,3427,9,1.0,4,3,0,3,4,3,0,0
37,2.0,1107,1.0,14,3,1.0,4,0.0,95,3,2.0,1,0.0,26914,1,0.0,3,3,1,18,2,2,7,12
40,2.0,759,2.0,2,2,2.0,4,0.0,46,3,7.0,2,0.0,22553,7,0.0,3,3,2,8,5,3,4,1
42,2.0,201,1.0,1,4,1.0,2,0.0,95,3,2.0,1,0.0,20490,3,0.0,3,2,1,8,5,3,2,1
37,2.0,1305,1.0,10,4,1.0,3,1.0,49,3,4.0,2,2.0,21123,2,1.0,3,4,0,18,2,2,0,0
43,2.0,982,1.0,12,3,1.0,1,1.0,59,2,5.0,2,0.0,4345,1,0.0,3,3,1,25,3,3,10,3
40,2.0,555,1.0,2,3,3.0,2,0.0,78,2,2.0,3,1.0,13436,6,0.0,4,2,1,20,3,3,0,0
54,2.0,821,1.0,5,2,3.0,1,1.0,86,3,5.0,1,1.0,8509,4,0.0,3,3,1,24,4,2,2,1
34,0.0,1381,2.0,4,4,2.0,3,0.0,72,3,7.0,3,1.0,12740,9,0.0,3,1,1,6,3,3,2,1
31,2.0,480,1.0,7,2,3.0,2,0.0,31,3,4.0,1,1.0,4156,1,0.0,3,2,1,13,5,1,10,3
43,1.0,313,1.0,21,3,3.0,4,1.0,61,3,2.0,4,1.0,15238,7,0.0,4,1,1,8,1,3,2,1
43,2.0,1473,1.0,8,4,4.0,3,0.0,74,3,0.0,3,0.0,2227,4,1.0,3,4,0,8,3,3,2,0
25,2.0,891,2.0,4,2,1.0,2,0.0,99,2,7.0,4,2.0,12090,1,1.0,3,2,0,5,3,3,4,1
37,0.0,1063,1.0,25,5,3.0,2,0.0,72,3,6.0,3,1.0,23866,3,1.0,3,1,2,15,2,3,11,10
31,2.0,329,1.0,1,2,1.0,4,1.0,98,2,2.0,1,1.0,16193,1,0.0,3,3,1,4,3,3,2,3
39,1.0,1218,1.0,1,1,1.0,2,1.0,52,3,3.0,3,0.0,8213,1,1.0,3,3,1,21,3,3,8,1
56,1.0,906,2.0,6,3,1.0,3,0.0,86,4,7.0,1,1.0,18256,9,0.0,3,4,3,36,0,2,7,7
30,2.0,1082,2.0,12,3,5.0,2,0.0,83,3,7.0,3,2.0,19558,0,0.0,3,2,0,6,6,3,4,4
41,2.0,645,2.0,1,3,2.0,2,1.0,49,4,7.0,1,1.0,19566,1,0.0,3,3,1,10,2,3,7,0
28,2.0,1300,1.0,17,2,3.0,3,1.0,79,3,2.0,1,0.0,13535,1,0.0,3,4,1,10,2,3,0,1
25,2.0,688,1.0,3,3,3.0,1,1.0,91,3,2.0,1,1.0,9396,5,0.0,3,3,1,6,5,3,2,0
52,2.0,319,1.0,3,3,3.0,4,1.0,39,2,4.0,3,1.0,19609,2,1.0,3,3,0,28,4,3,4,0
45,2.0,192,1.0,10,2,1.0,1,1.0,69,3,6.0,4,1.0,9655,3,0.0,4,4,2,8,3,2,2,0
52,2.0,1490,1.0,4,2,1.0,4,0.0,30,3,3.0,4,1.0,10310,2,0.0,3,4,0,31,2,1,2,1
42,1.0,532,1.0,29,2,1.0,1,0.0,92,3,6.0,3,0.0,12932,2,0.0,3,2,1,19,3,3,4,0
30,2.0,317,1.0,2,3,1.0,3,0.0,43,1,4.0,4,2.0,24793,2,0.0,4,3,0,11,2,3,4,0
60,2.0,422,1.0,7,3,1.0,1,0.0,41,3,3.0,1,1.0,3854,5,0.0,3,4,0,33,5,1,8,11
46,2.0,1485,1.0,18,3,3.0,3,0.0,87,3,4.0,3,0.0,26314,2,0.0,3,3,1,19,5,2,7,0
42,1.0,1368,1.0,28,4,5.0,4,0.0,88,2,0.0,4,1.0,4386,0,0.0,3,4,3,7,4,4,5,0
24,2.0,1448,2.0,1,1,5.0,1,0.0,62,3,8.0,2,2.0,21972,1,1.0,3,2,0,6,4,3,3,1
34,1.0,296,2.0,6,2,2.0,4,0.0,33,1,8.0,3,0.0,12253,0,0.0,3,4,1,3,3,2,2,1
38,1.0,1490,1.0,2,2,1.0,4,1.0,42,3,2.0,4,1.0,12106,1,1.0,4,3,1,1,3,3,0,0
40,2.0,1398,2.0,2,4,1.0,3,0.0,79,3,3.0,3,1.0,13022,0,0.0,3,4,0,21,2,3,15,1
26,2.0,1349,1.0,23,3,1.0,1,0.0,90,3,6.0,4,0.0,3032,1,0.0,4,2,2,3,3,1,2,0
30,0.0,1400,1.0,3,3,1.0,3,1.0,53,3,2.0,4,1.0,16734,4,0.0,3,3,1,9,3,1,3,1
29,2.0,986,1.0,3,4,3.0,2,1.0,93,2,5.0,3,1.0,21526,1,0.0,3,3,0,10,2,3,2,0
29,2.0,408,1.0,25,5,5.0,3,0.0,71,2,6.0,2,1.0,18300,5,0.0,3,2,0,6,2,4,2,1
19,2.0,489,0.0,2,2,5.0,1,1.0,52,2,1.0,4,2.0,18437,1,0.0,3,3,0,1,3,4,0,0
30,0.0,1398,2.0,22,4,4.0,3,0.0,69,3,7.0,1,1.0,2890,0,0.0,3,3,0,10,3,3,8,7
57,2.0,210,2.0,29,3,2.0,1,1.0,56,2,3.0,4,0.0,22102,3,0.0,3,3,1,32,3,2,0,0
50,2.0,1099,1.0,29,4,1.0,2,1.0,88,2,3.0,3,1.0,9314,0,0.0,3,2,1,28,2,3,10,15
30,0.0,1116,1.0,2,3,3.0,3,0.0,49,3,2.0,4,2.0,7181,0,0.0,3,3,0,12,2,2,7,6
60,1.0,1499,2.0,28,3,2.0,3,0.0,80,2,7.0,1,1.0,2845,4,0.0,3,4,0,22,5,4,13,13
47,2.0,983,1.0,2,2,3.0,1,0.0,65,3,4.0,4,0.0,7389,5,0.0,3,3,3,20,2,3,0,0
46,2.0,1009,1.0,2,3,1.0,1,1.0,51,3,5.0,3,1.0,2288,6,0.0,3,3,0,26,2,1,2,0
35,2.0,144,1.0,22,3,1.0,4,1.0,46,1,2.0,3,2.0,19225,0,0.0,3,3,0,6,2,3,4,4
54,2.0,548,1.0,8,4,1.0,3,0.0,42,3,2.0,3,2.0,23428,7,0.0,3,3,0,19,3,3,0,0
34,2.0,1303,1.0,2,4,1.0,4,1.0,62,2,6.0,3,0.0,8416,3,0.0,3,3,1,14,3,3,3,5
46,2.0,1125,2.0,10,3,2.0,3,0.0,94,2,7.0,4,1.0,11563,2,1.0,3,3,1,15,3,3,2,1
31,2.0,1274,1.0,9,1,1.0,3,1.0,33,3,4.0,2,0.0,14394,1,0.0,4,4,1,13,6,4,8,0
33,2.0,1277,1.0,15,1,3.0,2,1.0,56,3,3.0,3,1.0,24619,7,1.0,3,4,0,15,2,4,6,7
33,2.0,587,1.0,10,1,3.0,1,1.0,38,1,2.0,4,0.0,6705,7,0.0,3,1,3,8,2,3,3,1
30,2.0,413,2.0,7,1,2.0,4,1.0,57,3,8.0,2,2.0,18398,0,0.0,3,1,0,4,3,3,2,1
35,2.0,1276,1.0,16,3,1.0,4,1.0,72,3,0.0,3,1.0,14295,4,1.0,3,3,0,10,2,3,7,0
31,1.0,534,1.0,20,3,1.0,1,1.0,66,3,0.0,3,1.0,22908,3,0.0,3,1,0,12,2,3,0,0
34,1.0,988,0.0,23,3,0.0,2,0.0,43,3,1.0,1,0.0,11533,9,1.0,3,3,3,11,2,3,2,0
42,1.0,1474,1.0,5,2,4.0,2,1.0,97,3,2.0,3,1.0,9260,4,0.0,3,4,1,8,4,3,2,2
36,0.0,635,2.0,10,4,3.0,2,1.0,32,3,7.0,4,2.0,15318,1,0.0,3,4,0,10,3,2,3,9
22,1.0,1368,1.0,4,1,5.0,3,1.0,99,2,2.0,3,2.0,9129,5,0.0,3,3,0,4,3,3,2,1
48,2.0,163,2.0,2,5,2.0,2,0.0,37,3,7.0,4,1.0,19658,2,0.0,3,1,1,14,2,3,7,6
55,2.0,1117,2.0,18,5,1.0,1,0.0,83,3,3.0,2,2.0,9873,3,0.0,4,4,0,37,2,3,9,7
41,0.0,267,2.0,10,2,1.0,4,1.0,56,3,7.0,4,2.0,13430,7,0.0,3,4,0,16,3,3,3,1
35,2.0,619,2.0,1,3,2.0,2,1.0,85,3,7.0,3,1.0,18659,9,0.0,3,3,0,15,2,3,9,6
40,2.0,302,1.0,6,3,1.0,2,0.0,75,3,4.0,3,2.0,20364,7,0.0,3,3,0,22,3,3,6,5
39,1.0,443,1.0,8,1,1.0,3,0.0,48,3,2.0,3,1.0,17872,1,0.0,3,1,1,8,3,3,3,0
31,2.0,828,2.0,2,1,1.0,2,1.0,77,3,7.0,4,2.0,8346,4,1.0,3,3,0,10,2,4,5,0
42,2.0,319,1.0,24,3,3.0,4,1.0,56,3,4.0,1,1.0,6950,1,1.0,4,4,1,10,5,2,9,5
45,2.0,561,2.0,2,3,4.0,4,1.0,61,3,7.0,2,1.0,16177,0,0.0,3,2,1,9,3,4,7,3
26,1.0,426,0.0,17,4,1.0,2,0.0,58,3,1.0,3,0.0,22808,0,1.0,3,2,1,8,2,2,7,1
29,2.0,232,1.0,19,3,5.0,4,1.0,34,3,4.0,4,0.0,22645,4,0.0,3,2,2,8,2,4,2,1
33,2.0,922,1.0,1,5,3.0,1,0.0,95,4,5.0,3,0.0,22578,4,0.0,3,3,1,10,2,3,1,0
31,2.0,688,2.0,7,3,1.0,3,1.0,44,2,3.0,4,0.0,25291,9,0.0,4,3,1,10,3,2,4,0
18,1.0,1306,2.0,5,3,2.0,2,1.0,69,3,8.0,2,2.0,8059,1,1.0,3,4,0,0,3,3,0,0
40,0.0,1094,2.0,28,3,4.0,3,1.0,58,1,7.0,1,0.0,11373,3,0.0,3,3,1,20,2,3,0,0
41,0.0,509,1.0,2,4,4.0,1,0.0,62,2,0.0,3,2.0,2112,2,1.0,3,1,0,10,3,3,7,0
26,2.0,775,2.0,29,2,3.0,1,1.0,45,3,7.0,3,0.0,4267,5,0.0,3,1,2,8,5,3,0,0
35,2.0,195,2.0,1,3,3.0,1,0.0,80,3,7.0,3,2.0,6698,1,0.0,3,4,0,5,3,3,4,0
34,2.0,258,2.0,21,4,1.0,4,1.0,74,4,7.0,4,2.0,19921,1,0.0,3,4,0,10,3,3,7,5
26,2.0,471,1.0,24,3,5.0,3,1.0,66,1,2.0,4,2.0,23213,1,1.0,3,2,0,1,3,1,0,0
37,2.0,799,1.0,1,3,5.0,2,0.0,59,3,4.0,4,2.0,23848,4,0.0,3,4,0,12,3,4,5,1
46,1.0,1034,1.0,18,1,3.0,1,0.0,86,3,0.0,3,1.0,8984,5,0.0,3,4,0,28,3,2,2,1
41,2.0,1276,2.0,2,5,1.0,2,0.0,91,3,3.0,1,1.0,5626,7,0.0,3,2,1,22,2,3,16,11
37,0.0,142,2.0,9,4,3.0,1,1.0,69,3,7.0,2,0.0,24666,1,0.0,3,4,1,9,6,3,5,7
52,2.0,956,1.0,6,2,5.0,4,1.0,78,3,6.0,1,0.0,22087,3,1.0,3,2,2,18,3,3,9,6
32,0.0,1474,2.0,11,4,4.0,4,1.0,60,4,7.0,3,1.0,23914,8,0.0,3,4,0,6,2,3,2,1
24,1.0,535,2.0,24,3,3.0,4,1.0,38,3,8.0,4,1.0,5530,0,0.0,3,3,2,3,3,3,2,2
38,2.0,1495,1.0,10,3,3.0,3,0.0,76,3,0.0,3,1.0,22174,3,0.0,3,3,1,18,4,3,0,0
37,2.0,446,1.0,1,4,1.0,2,0.0,65,3,4.0,2,1.0,15701,6,0.0,3,2,1,8,2,2,5,4
49,2.0,1245,1.0,18,4,1.0,4,1.0,58,2,5.0,3,0.0,2125,1,1.0,3,3,1,31,5,3,9,0
24,2.0,691,1.0,23,3,3.0,2,1.0,89,4,6.0,4,1.0,21630,1,1.0,3,2,2,6,3,3,5,1
26,2.0,703,2.0,28,2,2.0,1,1.0,66,3,7.0,2,1.0,7428,1,0.0,4,4,2,6,5,4,3,1
24,2.0,823,1.0,17,2,4.0,4,1.0,94,2,2.0,2,1.0,9100,1,0.0,4,4,1,1,2,3,0,0
50,1.0,1246,0.0,3,3,3.0,1,1.0,99,3,3.0,2,1.0,7999,1,0.0,3,3,1,32,2,3,5,10
25,2.0,622,2.0,13,1,3.0,2,1.0,40,3,8.0,3,1.0,26376,1,0.0,3,3,0,7,1,3,4,0
24,1.0,1287,1.0,7,3,1.0,1,0.0,55,3,2.0,3,1.0,14168,1,1.0,3,4,1,6,4,3,3,1
30,1.0,448,2.0,12,4,1.0,2,1.0,74,2,8.0,1,1.0,14470,1,0.0,3,3,1,1,2,4,0,0
34,2.0,254,1.0,1,2,1.0,2,1.0,83,2,6.0,4,1.0,22794,1,1.0,3,4,1,6,3,3,5,1
31,2.0,1365,2.0,13,4,3.0,2,1.0,46,3,7.0,1,0.0,11512,2,0.0,3,3,0,9,2,1,1,1
35,2.0,538,1.0,25,2,4.0,1,1.0,54,2,2.0,4,2.0,14004,4,0.0,3,4,0,9,3,3,2,0
31,2.0,525,2.0,6,4,3.0,1,1.0,66,4,7.0,4,0.0,6219,4,0.0,4,4,2,13,4,4,7,5
27,2.0,798,1.0,6,4,3.0,1,0.0,66,2,6.0,3,0.0,5013,0,0.0,3,3,2,6,5,2,3,0
37,2.0,558,2.0,2,3,2.0,4,1.0,75,3,7.0,3,1.0,3010,4,1.0,3,3,1,17,3,2,0,1
20,2.0,959,1.0,1,3,1.0,4,0.0,83,2,6.0,2,2.0,11757,1,0.0,3,4,0,1,0,4,0,0
42,2.0,622,1.0,2,4,1.0,3,0.0,81,3,0.0,4,1.0,5718,1,0.0,3,2,2,10,4,3,2,2
43,2.0,782,1.0,6,4,4.0,2,1.0,50,2,5.0,4,0.0,2671,4,1.0,3,3,1,21,3,2,0,0
38,2.0,362,1.0,1,1,1.0,3,0.0,43,3,6.0,1,2.0,14561,3,0.0,3,4,0,8,3,2,0,0
43,1.0,1001,1.0,9,5,3.0,4,1.0,72,3,2.0,3,0.0,19627,3,1.0,3,2,1,10,3,3,7,4
48,2.0,1236,1.0,1,4,1.0,4,0.0,40,2,3.0,1,1.0,17997,7,0.0,3,1,1,21,3,1,2,0
44,2.0,1112,0.0,1,4,1.0,1,0.0,50,2,1.0,3,2.0,26894,4,0.0,3,2,0,10,1,4,2,0
34,2.0,204,2.0,14,3,5.0,3,0.0,31,3,8.0,3,0.0,2912,1,1.0,3,4,2,8,3,3,2,0
27,2.0,1420,2.0,2,1,2.0,3,1.0,85,3,8.0,1,0.0,16346,0,0.0,3,2,1,5,3,3,3,0
21,2.0,1343,2.0,22,1,5.0,3,1.0,49,3,8.0,3,2.0,24444,1,0.0,3,3,0,3,2,3,2,1
44,2.0,1315,1.0,3,4,4.0,4,1.0,35,3,3.0,4,1.0,9358,4,1.0,3,1,1,26,2,4,2,0
22,2.0,604,1.0,6,1,3.0,1,1.0,69,3,6.0,3,1.0,12145,0,0.0,4,4,0,3,3,3,2,2
33,2.0,1216,2.0,8,4,2.0,3,1.0,39,3,7.0,3,0.0,20431,0,0.0,3,4,0,6,3,3,0,1
32,2.0,646,1.0,9,4,1.0,1,0.0,92,3,6.0,4,1.0,18089,1,1.0,3,4,1,6,2,2,4,0
30,1.0,160,1.0,3,3,3.0,3,0.0,71,3,6.0,3,0.0,22653,1,0.0,4,3,1,1,2,3,0,0
53,2.0,238,2.0,1,1,3.0,4,0.0,34,3,7.0,1,2.0,7507,7,0.0,4,4,0,18,2,4,7,8
34,2.0,1397,1.0,1,5,1.0,2,1.0,42,3,6.0,4,1.0,7660,1,0.0,3,4,1,10,4,2,9,8
45,1.0,306,2.0,26,4,1.0,1,0.0,100,3,7.0,1,1.0,5630,2,0.0,3,4,2,5,4,3,1,0
26,2.0,991,1.0,6,3,1.0,3,0.0,71,3,2.0,4,1.0,17759,1,1.0,3,3,1,3,2,3,2,0
37,2.0,482,1.0,3,3,4.0,3,1.0,36,3,4.0,3,1.0,9606,1,0.0,3,3,1,10,2,3,7,7
29,2.0,1176,2.0,3,2,3.0,2,0.0,62,3,7.0,3,1.0,3487,1,0.0,3,1,1,6,5,2,0,1
35,2.0,1017,1.0,6,4,1.0,2,1.0,82,1,6.0,4,2.0,19368,1,0.0,3,2,0,17,3,3,11,11
33,1.0,1296,1.0,6,3,1.0,3,1.0,30,3,0.0,4,0.0,5335,3,0.0,4,3,1,15,2,1,11,4
54,2.0,397,0.0,19,4,3.0,3,1.0,88,3,1.0,2,1.0,6729,2,0.0,3,3,1,16,1,4,7,7
36,2.0,913,1.0,9,2,3.0,2,1.0,48,2,4.0,2,0.0,13934,2,1.0,3,3,1,13,2,3,2,0
27,2.0,1115,1.0,3,4,3.0,1,1.0,54,2,6.0,4,2.0,15174,0,0.0,3,4,0,5,0,3,2,1
20,2.0,1362,1.0,10,1,3.0,4,1.0,32,3,6.0,3,2.0,26999,1,1.0,3,4,0,1,5,3,0,1
33,1.0,1076,1.0,3,3,1.0,1,1.0,70,3,6.0,1,2.0,3164,1,1.0,3,1,0,10,3,3,8,9
35,0.0,727,1.0,3,3,1.0,3,1.0,41,2,2.0,3,1.0,16900,1,0.0,3,3,2,1,3,3,0,0
23,2.0,885,1.0,4,3,3.0,1,1.0,58,4,6.0,1,1.0,8544,2,0.0,3,1,1,5,3,4,2,0
25,2.0,810,2.0,8,3,1.0,4,1.0,57,4,7.0,2,1.0,15678,0,0.0,4,3,1,4,4,3,2,1
38,2.0,243,2.0,7,4,2.0,4,0.0,46,2,7.0,4,2.0,7791,0,0.0,4,1,0,8,2,3,7,0
29,1.0,806,1.0,1,4,1.0,2,1.0,76,1,6.0,4,0.0,18959,1,0.0,3,4,1,10,5,3,7,2
48,2.0,817,2.0,2,1,2.0,2,1.0,56,4,7.0,2,1.0,18597,3,0.0,3,4,0,12,3,3,2,2
27,1.0,1410,2.0,3,1,3.0,4,0.0,71,4,7.0,4,0.0,16673,1,1.0,4,2,2,6,3,3,5,0
37,2.0,1225,1.0,10,2,1.0,4,1.0,80,4,6.0,4,2.0,15232,3,0.0,3,1,0,4,2,3,0,0
50,2.0,1207,1.0,28,1,3.0,4,1.0,74,4,2.0,3,1.0,3297,1,1.0,3,3,3,20,3,3,8,3
34,2.0,1442,1.0,9,3,3.0,4,0.0,46,2,0.0,2,2.0,17654,1,0.0,3,2,0,9,3,4,7,7
24,2.0,693,2.0,3,2,1.0,1,0.0,65,3,7.0,3,2.0,24785,9,0.0,3,1,0,4,3,3,2,2
39,2.0,408,1.0,2,4,5.0,4,0.0,80,2,0.0,3,2.0,20978,1,0.0,3,1,0,20,4,3,7,11
32,2.0,929,2.0,10,3,2.0,4,1.0,55,3,7.0,4,2.0,21703,1,0.0,3,4,0,10,2,2,7,0
50,1.0,562,2.0,8,2,5.0,2,1.0,50,3,7.0,3,1.0,23452,3,1.0,3,1,1,18,4,3,3,1
38,2.0,827,1.0,1,4,1.0,2,0.0,33,4,0.0,4,2.0,19383,0,0.0,3,3,0,10,4,2,7,1
27,2.0,608,1.0,1,2,1.0,3,0.0,68,3,4.0,1,1.0,6009,1,0.0,3,4,0,9,3,3,7,0
32,2.0,1018,1.0,3,2,1.0,3,0.0,39,3,5.0,4,2.0,19373,3,0.0,3,4,0,10,6,3,7,7
47,2.0,703,2.0,14,4,2.0,4,1.0,42,3,7.0,1,2.0,11825,2,0.0,3,4,0,20,2,3,7,1
40,1.0,580,2.0,5,4,1.0,4,1.0,48,2,7.0,1,1.0,23772,5,1.0,4,3,1,20,2,3,13,1
53,2.0,970,1.0,7,3,1.0,3,1.0,59,4,5.0,3,1.0,13514,3,0.0,3,3,0,32,3,3,1,1
41,2.0,427,0.0,10,4,0.0,2,1.0,73,2,3.0,4,0.0,8861,3,0.0,3,2,3,23,2,2,6,12
60,2.0,1179,2.0,16,4,2.0,1,1.0,84,3,7.0,1,2.0,11924,8,0.0,3,4,0,10,1,3,2,2
27,1.0,294,1.0,10,2,1.0,4,1.0,32,3,4.0,1,0.0,4809,1,0.0,4,3,2,9,4,2,7,1
41,2.0,314,0.0,1,3,0.0,4,1.0,59,2,3.0,3,1.0,19562,1,0.0,3,2,1,22,3,3,7,2
50,2.0,316,2.0,8,4,2.0,4,1.0,54,3,8.0,2,1.0,9983,7,0.0,3,4,1,4,2,3,2,2
28,2.0,654,1.0,1,2,1.0,1,0.0,67,1,6.0,2,2.0,3872,7,1.0,3,4,0,10,4,3,7,3
36,0.0,427,1.0,8,3,1.0,1,0.0,63,4,5.0,1,1.0,20335,9,0.0,3,1,1,10,2,3,7,0
38,2.0,168,1.0,1,3,1.0,3,0.0,81,3,4.0,3,2.0,15397,4,1.0,3,4,0,10,4,4,0,0
44,0.0,381,1.0,24,3,3.0,1,1.0,49,1,2.0,3,2.0,2104,2,0.0,3,3,0,9,5,3,2,1
47,1.0,217,2.0,3,3,3.0,4,0.0,49,3,7.0,3,0.0,10225,9,1.0,3,4,2,28,2,2,2,11
30,2.0,501,2.0,27,5,2.0,3,1.0,99,3,7.0,4,0.0,25275,7,0.0,4,4,1,10,2,2,7,7
29,2.0,1396,2.0,10,3,1.0,3,1.0,99,3,8.0,3,2.0,2755,1,0.0,3,3,0,1,6,3,0,0
42,1.0,933,1.0,19,3,3.0,3,1.0,57,4,6.0,3,0.0,20366,6,1.0,3,4,0,7,2,3,2,2
43,1.0,775,2.0,15,3,1.0,4,1.0,47,2,7.0,4,1.0,23683,3,0.0,3,3,1,7,5,3,2,2
34,2.0,970,1.0,8,2,3.0,2,0.0,96,3,0.0,3,2.0,7360,3,0.0,3,4,0,10,2,3,1,4
23,2.0,650,1.0,9,1,3.0,2,1.0,37,3,2.0,1,1.0,4344,1,0.0,3,4,1,5,2,4,3,0
39,2.0,141,0.0,3,3,0.0,3,0.0,44,4,1.0,2,1.0,18767,9,0.0,3,3,1,12,3,1,3,3
56,2.0,832,1.0,9,3,3.0,3,1.0,81,3,0.0,4,1.0,20420,7,0.0,3,3,0,30,1,2,7,1
40,2.0,804,1.0,2,1,3.0,4,0.0,86,2,6.0,4,2.0,22929,0,1.0,4,4,0,5,2,2,2,2
27,2.0,975,1.0,7,3,3.0,4,0.0,55,2,0.0,1,2.0,23398,8,0.0,3,1,0,9,2,1,6,0
29,2.0,1090,2.0,10,3,2.0,4,1.0,83,3,8.0,2,0.0,17967,1,0.0,3,4,2,2,2,3,2,2
53,2.0,346,1.0,6,3,1.0,4,1.0,86,3,2.0,4,2.0,10919,2,0.0,3,4,0,19,4,3,2,2
35,0.0,1225,1.0,2,4,1.0,4,0.0,61,3,0.0,1,0.0,4761,2,0.0,3,1,1,16,2,4,0,0
32,1.0,430,1.0,24,4,1.0,1,1.0,80,3,2.0,4,1.0,21146,1,0.0,3,4,2,10,2,3,8,4
38,2.0,268,1.0,2,5,3.0,4,1.0,92,3,6.0,3,1.0,20471,6,1.0,3,2,1,6,0,1,0,0
34,2.0,167,1.0,8,5,1.0,2,0.0,32,3,4.0,1,0.0,4187,3,0.0,3,3,1,7,3,3,0,0
52,2.0,621,2.0,3,4,2.0,3,1.0,31,2,3.0,1,1.0,10084,1,0.0,3,1,0,34,3,4,6,1
33,2.0,527,1.0,1,4,4.0,4,1.0,63,3,6.0,4,2.0,5207,1,1.0,3,3,0,10,2,2,9,7
25,2.0,883,2.0,26,1,3.0,3,0.0,32,3,7.0,4,2.0,22807,1,0.0,4,2,0,6,5,2,5,1
45,2.0,954,2.0,2,2,5.0,2,1.0,46,1,8.0,3,2.0,12388,0,0.0,3,1,0,9,3,3,7,3
23,2.0,310,1.0,10,1,3.0,1,1.0,79,4,6.0,3,2.0,19630,1,0.0,3,4,0,2,3,3,2,0
47,1.0,719,2.0,27,2,1.0,2,0.0,77,4,7.0,3,2.0,10339,4,1.0,3,4,0,8,2,3,4,1
34,2.0,304,2.0,2,3,4.0,4,1.0,60,3,7.0,4,2.0,18686,1,0.0,4,3,0,6,5,3,5,1
55,2.0,725,1.0,2,3,3.0,4,1.0,78,3,3.0,1,1.0,21199,5,1.0,3,4,1,24,2,3,2,1
36,0.0,1434,2.0,8,4,1.0,1,1.0,76,2,7.0,1,2.0,14229,1,0.0,3,2,0,10,1,3,7,0
52,0.0,715,1.0,19,4,3.0,4,1.0,41,3,6.0,4,1.0,26589,0,0.0,3,1,1,5,3,3,3,1
26,1.0,575,1.0,1,2,1.0,1,0.0,71,1,2.0,4,0.0,5288,3,0.0,3,1,1,5,2,3,2,2
29,2.0,657,1.0,27,3,3.0,2,0.0,66,3,0.0,3,1.0,25549,4,0.0,3,1,1,11,3,2,7,1
26,2.0,1146,2.0,8,3,5.0,4,1.0,38,2,7.0,1,2.0,3064,6,0.0,3,3,0,6,2,2,3,1
34,2.0,182,1.0,1,4,1.0,2,0.0,72,4,6.0,4,2.0,13551,2,0.0,3,3,0,10,2,3,2,1
54,2.0,376,1.0,19,4,3.0,4,0.0,95,3,4.0,1,0.0,22670,9,1.0,3,2,2,9,4,3,3,1
27,1.0,829,2.0,8,1,2.0,3,1.0,84,3,7.0,4,1.0,24008,0,0.0,3,2,1,5,3,3,2,1
37,2.0,571,1.0,10,1,1.0,4,0.0,82,3,6.0,1,0.0,19905,0,1.0,3,2,2,6,3,2,3,4
38,1.0,240,1.0,2,4,1.0,1,0.0,75,4,4.0,1,2.0,26085,6,1.0,3,4,0,17,2,3,7,4
34,2.0,121,1.0,2,4,3.0,3,0.0,86,2,6.0,1,2.0,7530,1,0.0,3,3,0,6,3,3,5,1
35,2.0,384,2.0,8,4,1.0,1,0.0,72,3,8.0,4,1.0,20317,1,0.0,3,2,1,3,1,2,2,0
30,2.0,921,1.0,1,3,1.0,4,1.0,38,1,2.0,3,1.0,24375,3,0.0,4,3,2,7,2,3,2,0
40,1.0,791,1.0,2,2,3.0,3,0.0,38,4,0.0,2,1.0,9931,1,0.0,4,4,1,8,2,3,7,3
34,2.0,1111,2.0,8,2,1.0,3,0.0,93,3,7.0,1,1.0,13305,5,0.0,3,2,1,6,1,3,2,1
42,1.0,570,1.0,8,3,1.0,2,1.0,66,3,3.0,4,0.0,16225,1,0.0,3,2,1,24,4,2,7,14
23,2.0,1243,1.0,6,3,1.0,3,1.0,63,4,2.0,1,1.0,3445,1,1.0,4,3,2,1,2,3,0,0
24,0.0,1092,1.0,9,3,1.0,3,1.0,60,2,2.0,2,0.0,26551,1,0.0,3,3,3,1,4,3,0,0
52,2.0,1325,1.0,11,4,1.0,4,0.0,82,3,2.0,3,1.0,21821,8,0.0,4,2,1,9,3,3,2,1
50,2.0,691,1.0,2,3,3.0,3,1.0,64,3,5.0,3,1.0,6881,5,0.0,3,4,0,30,3,3,3,0
29,2.0,805,1.0,1,2,1.0,2,0.0,36,2,2.0,1,1.0,6689,1,1.0,3,4,1,1,1,3,0,0
33,2.0,213,1.0,7,3,3.0,3,1.0,49,3,5.0,3,1.0,25995,0,0.0,3,4,0,14,3,4,9,3
33,2.0,118,2.0,16,3,2.0,1,0.0,69,3,7.0,1,2.0,26507,5,0.0,3,3,0,6,3,3,2,0
47,2.0,202,1.0,2,2,4.0,3,0.0,33,3,3.0,4,1.0,12982,1,1.0,3,3,1,26,3,2,14,3
36,2.0,676,1.0,1,3,4.0,3,0.0,35,3,4.0,2,1.0,23361,0,0.0,3,1,1,10,2,3,7,0
29,2.0,1252,1.0,23,2,1.0,3,1.0,81,4,6.0,3,1.0,23779,1,0.0,4,3,1,10,3,3,7,0
58,2.0,286,1.0,2,4,1.0,4,1.0,31,3,5.0,2,2.0,25761,7,1.0,3,4,0,40,2,3,15,13
35,2.0,1258,1.0,1,4,1.0,4,0.0,40,4,6.0,3,2.0,13301,3,0.0,3,3,0,7,0,3,2,2
42,2.0,932,1.0,1,2,1.0,4,0.0,43,2,4.0,4,1.0,4051,9,1.0,3,4,1,8,4,3,3,0
28,2.0,890,1.0,2,4,3.0,3,1.0,46,3,6.0,3,2.0,16374,6,0.0,3,4,0,5,3,2,2,2
36,2.0,1041,0.0,13,3,0.0,3,1.0,36,3,1.0,2,1.0,25527,4,0.0,3,2,1,8,2,3,2,0
32,2.0,859,1.0,4,3,1.0,3,0.0,98,2,4.0,3,1.0,19124,1,0.0,3,3,1,14,3,3,13,6
40,1.0,720,1.0,16,4,3.0,1,1.0,51,2,2.0,3,2.0,11983,6,0.0,3,4,0,10,6,3,0,0
30,2.0,946,1.0,2,3,3.0,3,0.0,52,2,4.0,4,2.0,20234,5,1.0,4,2,0,12,4,2,0,0
45,2.0,252,1.0,2,3,1.0,2,0.0,95,2,6.0,3,2.0,6153,1,0.0,3,4,0,1,3,3,0,0
42,2.0,933,1.0,29,3,1.0,2,1.0,98,3,4.0,2,1.0,11806,1,0.0,3,4,1,10,3,2,8,7
38,1.0,471,1.0,12,3,1.0,1,1.0,45,2,0.0,1,0.0,4284,2,0.0,3,3,1,13,3,2,3,1
34,1.0,702,1.0,16,4,1.0,3,0.0,100,2,6.0,4,2.0,8306,1,0.0,3,3,0,6,3,3,2,1
49,2.0,1184,2.0,11,3,2.0,3,0.0,43,3,7.0,4,1.0,5860,1,0.0,3,1,2,9,3,4,8,7
55,2.0,436,2.0,2,1,3.0,3,1.0,37,3,7.0,4,2.0,21519,4,0.0,3,3,0,12,3,2,7,7
43,2.0,589,1.0,14,2,1.0,2,1.0,94,3,5.0,1,1.0,5200,6,0.0,4,3,1,22,3,3,1,1
27,2.0,269,1.0,5,1,5.0,3,1.0,42,2,5.0,4,0.0,8842,1,1.0,3,2,1,9,3,3,8,0
35,2.0,950,1.0,7,3,4.0,3,1.0,59,3,4.0,3,2.0,18869,3,0.0,4,2,0,17,3,4,5,1
28,2.0,760,2.0,2,4,2.0,2,0.0,81,3,7.0,2,1.0,3698,1,1.0,4,1,0,8,2,3,7,7
34,2.0,829,0.0,3,2,0.0,3,1.0,88,3,1.0,4,1.0,2243,0,0.0,3,3,1,4,1,1,2,0
26,1.0,887,1.0,5,2,3.0,3,0.0,88,2,6.0,3,1.0,20898,1,1.0,3,1,1,8,2,3,7,1
27,0.0,443,1.0,3,3,3.0,4,1.0,50,3,6.0,4,1.0,16571,1,0.0,3,3,3,0,6,2,0,0
51,2.0,1318,2.0,26,4,2.0,1,0.0,66,3,3.0,3,1.0,5594,2,0.0,3,3,1,29,2,2,6,4
44,2.0,625,1.0,4,3,3.0,4,1.0,50,3,0.0,2,2.0,5197,9,0.0,3,4,0,10,2,2,2,2
25,2.0,180,1.0,2,1,3.0,1,1.0,65,4,6.0,1,2.0,21632,7,0.0,3,3,0,6,3,2,3,0
33,2.0,586,2.0,1,3,3.0,1,1.0,48,4,7.0,1,0.0,21816,1,0.0,4,1,1,9,5,3,8,0
35,2.0,1343,1.0,27,1,3.0,3,0.0,53,2,6.0,1,2.0,17852,1,0.0,3,4,0,6,3,2,5,1
36,2.0,928,2.0,1,2,1.0,2,1.0,56,3,7.0,4,1.0,2823,1,1.0,3,4,1,18,1,2,14,4
32,2.0,117,2.0,13,4,1.0,2,1.0,73,3,7.0,4,0.0,9250,2,0.0,3,3,1,8,3,2,2,0
30,1.0,1012,1.0,5,4,1.0,2,1.0,75,2,6.0,4,0.0,2373,9,0.0,3,2,1,10,3,2,4,0
53,2.0,661,2.0,7,2,2.0,1,0.0,78,2,7.0,4,1.0,20715,7,1.0,3,4,1,35,3,3,2,0
45,2.0,930,2.0,9,3,2.0,4,1.0,74,3,7.0,1,0.0,19239,4,1.0,3,3,1,18,2,3,4,0
32,2.0,638,1.0,8,2,3.0,3,0.0,91,4,6.0,3,1.0,22162,5,0.0,3,3,1,9,3,2,3,1
52,1.0,890,1.0,25,4,3.0,3,0.0,81,2,4.0,4,1.0,19028,3,0.0,4,3,0,31,3,3,8,0
37,2.0,342,2.0,16,4,2.0,4,1.0,66,2,7.0,3,0.0,24558,4,0.0,3,4,2,9,2,3,0,0
28,2.0,1169,0.0,8,2,3.0,2,1.0,63,2,1.0,4,0.0,23965,1,0.0,3,4,1,6,6,3,1,0
22,2.0,1230,1.0,1,2,1.0,4,1.0,33,2,4.0,4,1.0,19146,6,0.0,4,1,2,4,2,1,2,2
44,2.0,986,1.0,8,4,1.0,1,1.0,62,4,2.0,4,1.0,5044,2,1.0,4,3,1,10,2,2,2,0
42,1.0,1271,1.0,2,1,3.0,2,1.0,35,3,6.0,4,2.0,9068,5,1.0,3,4,0,8,2,3,1,2
36,2.0,1278,0.0,8,3,1.0,1,1.0,77,2,1.0,1,1.0,8635,0,0.0,4,3,0,6,3,3,4,0
25,2.0,141,2.0,3,1,4.0,3,1.0,98,3,7.0,1,1.0,14363,1,1.0,3,4,0,5,3,3,3,0
35,2.0,607,1.0,9,3,1.0,4,0.0,66,2,4.0,3,1.0,23457,1,1.0,4,2,1,17,2,3,14,5
35,1.0,130,1.0,25,4,1.0,4,0.0,96,3,6.0,2,0.0,16612,1,1.0,3,1,1,10,3,2,2,7
32,0.0,300,1.0,1,3,1.0,4,1.0,61,3,2.0,4,0.0,9148,0,0.0,3,2,1,4,2,3,0,0
25,2.0,583,2.0,4,1,2.0,3,1.0,87,2,7.0,1,1.0,18154,1,0.0,3,1,0,5,1,4,2,0
49,2.0,1418,1.0,1,3,5.0,3,0.0,36,3,6.0,1,1.0,10554,2,0.0,3,2,1,7,2,3,2,0
24,0.0,1269,1.0,4,1,1.0,1,1.0,46,2,2.0,4,1.0,10778,0,0.0,3,4,0,6,2,2,2,3
32,1.0,379,2.0,5,2,1.0,2,1.0,48,3,7.0,2,1.0,8891,1,0.0,3,4,1,10,3,3,8,5
38,2.0,395,2.0,9,3,2.0,2,1.0,98,2,8.0,2,1.0,12102,0,0.0,3,4,1,3,3,3,2,1
42,2.0,1265,1.0,3,3,1.0,3,0.0,95,4,2.0,4,1.0,23726,2,1.0,3,2,1,17,1,2,3,1
31,2.0,1222,1.0,11,4,1.0,4,1.0,48,3,6.0,4,1.0,14871,3,1.0,3,2,1,8,2,3,4,0
29,2.0,341,2.0,1,3,3.0,2,0.0,48,2,8.0,3,0.0,23522,6,1.0,3,3,3,5,3,3,2,0
53,2.0,868,2.0,8,3,2.0,1,1.0,73,3,7.0,4,1.0,22789,5,0.0,3,3,1,28,3,3,0,2
35,2.0,672,1.0,25,3,5.0,4,1.0,78,2,4.0,2,1.0,9129,3,0.0,3,1,0,16,2,3,10,4
37,1.0,1231,2.0,21,2,3.0,3,0.0,54,3,8.0,4,1.0,21222,5,0.0,3,2,1,10,3,3,4,0
53,2.0,102,1.0,23,4,1.0,4,0.0,72,3,5.0,4,2.0,20206,6,0.0,3,3,0,33,0,3,9,3
43,1.0,422,1.0,1,3,1.0,4,0.0,33,3,0.0,4,1.0,21782,4,0.0,3,2,1,12,2,2,2,2
47,2.0,249,2.0,2,2,2.0,3,0.0,35,3,7.0,4,1.0,17783,0,1.0,4,1,1,8,2,3,6,7
37,0.0,1252,2.0,19,2,3.0,1,1.0,32,3,7.0,2,2.0,4814,1,1.0,3,4,0,10,2,3,0,0
50,0.0,881,1.0,2,4,1.0,1,1.0,98,3,3.0,1,0.0,4544,1,0.0,3,4,1,31,3,3,6,14
39,2.0,1383,0.0,2,3,1.0,4,0.0,42,2,1.0,4,1.0,7790,8,0.0,3,3,2,13,2,3,4,0
33,2.0,1075,0.0,3,2,0.0,4,1.0,57,3,1.0,2,0.0,22650,3,1.0,3,3,1,7,4,4,3,0
32,2.0,374,1.0,25,4,1.0,1,1.0,87,3,2.0,4,2.0,18016,1,1.0,4,3,0,1,2,1,0,0
29,2.0,1086,1.0,7,1,3.0,1,0.0,62,2,2.0,4,0.0,6054,6,0.0,3,3,3,8,5,3,3,0
44,2.0,661,1.0,9,2,1.0,2,1.0,61,3,6.0,1,1.0,7508,1,1.0,3,4,0,8,0,3,7,7
28,2.0,821,2.0,5,4,3.0,1,1.0,98,3,7.0,4,2.0,24252,1,0.0,3,2,0,4,3,3,2,0
58,1.0,781,1.0,2,1,1.0,4,1.0,57,2,2.0,4,0.0,13384,9,1.0,3,4,1,3,3,2,0,0
43,2.0,177,1.0,8,3,1.0,1,0.0,55,3,4.0,2,0.0,23814,4,0.0,4,3,1,4,2,4,0,0
20,2.0,500,2.0,2,3,3.0,3,0.0,49,2,8.0,3,2.0,22052,1,0.0,3,4,0,2,3,2,2,0
21,2.0,1427,1.0,18,1,4.0,4,0.0,65,3,6.0,4,2.0,8870,1,0.0,3,1,0,1,3,2,0,0
36,2.0,1425,1.0,14,1,1.0,3,1.0,68,3,0.0,4,1.0,4821,0,1.0,3,1,1,17,2,2,8,4
47,2.0,1454,2.0,2,4,1.0,4,0.0,65,2,8.0,4,2.0,13137,1,1.0,3,1,0,3,3,2,2,1
22,2.0,617,1.0,3,1,1.0,2,0.0,34,3,4.0,3,1.0,10022,0,1.0,3,1,1,4,3,4,2,0
41,2.0,1085,1.0,2,4,1.0,2,0.0,57,1,2.0,4,0.0,17725,4,1.0,3,3,1,10,1,2,7,1
28,2.0,995,1.0,9,3,3.0,3,0.0,77,3,6.0,3,0.0,9834,5,0.0,3,2,1,6,2,3,2,2
39,2.0,1122,1.0,6,3,3.0,4,1.0,70,3,2.0,1,1.0,4303,7,1.0,4,4,0,8,2,1,2,2
27,2.0,618,1.0,4,3,1.0,2,0.0,76,3,6.0,3,2.0,17808,1,0.0,3,3,0,1,2,3,1,0
34,2.0,546,1.0,10,3,1.0,2,1.0,83,3,2.0,2,0.0,6896,1,0.0,3,2,2,1,3,3,0,1
42,2.0,462,2.0,14,2,3.0,3,0.0,68,2,7.0,3,2.0,7824,7,0.0,3,1,0,10,6,3,4,0
33,2.0,1198,1.0,1,4,4.0,3,1.0,100,2,6.0,1,2.0,3339,3,1.0,3,2,0,6,1,3,2,0
58,2.0,1272,1.0,5,3,5.0,3,0.0,37,2,0.0,2,0.0,9255,2,1.0,3,4,1,24,3,3,0,0
31,2.0,154,2.0,7,4,1.0,2,1.0,41,2,8.0,3,1.0,11737,3,0.0,3,2,0,13,2,4,7,5
35,2.0,1137,1.0,21,1,1.0,4,0.0,51,3,0.0,4,1.0,19170,1,1.0,4,4,1,10,2,1,6,0
49,2.0,527,1.0,8,2,4.0,1,0.0,51,3,2.0,2,1.0,22477,4,0.0,3,3,1,29,3,2,9,1
48,2.0,1469,1.0,20,4,3.0,4,1.0,51,3,6.0,3,1.0,5543,4,0.0,3,1,2,13,2,2,0,0
31,0.0,1188,2.0,20,2,2.0,4,0.0,45,3,7.0,3,1.0,24406,1,0.0,3,4,1,9,2,2,8,0
36,2.0,188,1.0,7,4,4.0,2,1.0,65,3,6.0,4,2.0,23293,2,0.0,3,3,0,8,6,3,2,0
38,2.0,1333,1.0,1,3,5.0,4,0.0,80,3,5.0,1,1.0,16292,1,0.0,3,2,1,15,3,3,12,5
32,0.0,1184,1.0,1,3,1.0,3,0.0,70,2,2.0,2,1.0,3974,6,0.0,4,3,0,5,3,3,0,0
25,2.0,867,2.0,19,2,2.0,3,1.0,36,2,8.0,2,1.0,18798,1,1.0,3,3,3,1,2,3,0,0
40,2.0,658,2.0,10,4,2.0,1,1.0,67,2,7.0,2,0.0,20652,2,0.0,3,2,1,11,2,2,0,0
26,1.0,1283,2.0,1,3,3.0,3,1.0,52,2,7.0,1,2.0,11148,1,0.0,3,2,0,7,2,3,7,0
41,2.0,263,1.0,6,3,3.0,4,1.0,59,3,2.0,1,2.0,3119,2,1.0,3,3,0,20,3,3,13,2
36,2.0,938,1.0,2,4,3.0,3,1.0,79,3,2.0,3,2.0,12287,4,0.0,4,3,0,16,6,3,8,3
19,2.0,419,2.0,21,3,4.0,4,1.0,37,2,8.0,2,2.0,9947,1,1.0,3,2,0,1,3,4,0,0
20,2.0,129,1.0,4,3,5.0,1,1.0,84,3,2.0,1,2.0,13008,1,0.0,3,2,0,1,2,3,0,0
31,2.0,616,1.0,12,3,3.0,4,0.0,41,3,0.0,4,1.0,17369,0,1.0,3,3,2,10,2,1,7,8
40,1.0,1469,1.0,9,4,3.0,4,1.0,35,3,6.0,2,0.0,25063,8,1.0,3,4,1,3,2,3,1,0
32,2.0,498,1.0,3,4,3.0,3,0.0,93,3,4.0,1,1.0,13554,1,0.0,3,3,1,8,2,4,7,6
36,2.0,530,2.0,3,1,1.0,3,1.0,51,2,7.0,4,1.0,5518,1,1.0,3,1,1,16,6,3,7,3
33,2.0,1069,1.0,1,3,1.0,2,0.0,42,2,0.0,4,2.0,12291,0,0.0,3,1,0,6,3,3,0,1
37,2.0,625,2.0,1,4,1.0,1,1.0,46,2,7.0,3,1.0,14922,5,0.0,3,3,0,17,2,1,1,11
45,0.0,805,1.0,4,2,1.0,3,1.0,57,3,2.0,2,1.0,23163,1,0.0,3,2,0,9,5,2,7,0
29,1.0,1404,2.0,20,3,5.0,3,0.0,84,3,8.0,4,1.0,18203,1,0.0,3,2,1,3,5,3,1,0
35,2.0,1219,2.0,18,3,3.0,3,0.0,86,3,7.0,3,1.0,6179,1,0.0,3,2,0,5,3,3,2,1
52,2.0,1053,1.0,1,2,1.0,4,1.0,70,3,3.0,4,1.0,13829,2,0.0,3,2,1,26,2,2,8,7
58,2.0,289,1.0,2,3,5.0,4,1.0,51,3,6.0,3,2.0,26227,4,0.0,4,1,0,7,4,3,0,0
53,2.0,1376,2.0,2,2,3.0,3,1.0,45,3,3.0,3,0.0,13938,6,0.0,3,3,1,22,3,4,13,15
30,2.0,231,2.0,8,2,4.0,3,1.0,62,3,7.0,3,0.0,9977,5,0.0,3,1,1,10,2,4,4,7
38,0.0,152,2.0,10,3,5.0,3,0.0,85,3,7.0,4,2.0,19899,1,1.0,3,2,0,6,1,3,3,1
35,2.0,882,2.0,3,4,1.0,4,1.0,92,3,7.0,4,0.0,6812,6,0.0,3,2,1,12,2,3,9,0
39,2.0,903,2.0,2,5,1.0,1,1.0,41,4,7.0,3,2.0,2560,0,0.0,3,4,0,9,3,3,7,0
40,0.0,1479,2.0,24,3,1.0,2,0.0,100,4,7.0,2,2.0,17071,4,1.0,3,4,0,22,2,2,0,0
47,1.0,1379,1.0,16,4,3.0,3,1.0,64,4,4.0,3,0.0,6759,1,1.0,3,3,0,20,3,4,10,2
36,0.0,1229,2.0,8,4,5.0,1,1.0,84,3,7.0,4,0.0,25952,4,0.0,3,4,2,12,3,3,7,0
31,0.0,335,1.0,9,2,3.0,3,1.0,46,2,6.0,1,2.0,10322,0,1.0,4,1,0,4,0,3,2,1
33,0.0,722,2.0,17,3,1.0,4,1.0,38,3,3.0,3,2.0,20489,1,0.0,3,4,0,10,2,3,8,6
29,2.0,906,1.0,10,3,1.0,4,0.0,92,2,6.0,1,2.0,11479,6,1.0,4,3,0,3,5,3,0,0
33,2.0,461,1.0,13,1,1.0,2,0.0,53,3,6.0,4,2.0,17241,3,0.0,3,1,0,5,4,3,2,0
45,2.0,974,1.0,1,4,3.0,4,0.0,91,3,2.0,4,0.0,11005,3,0.0,3,4,2,8,2,3,3,0
50,2.0,1126,1.0,1,2,3.0,4,1.0,66,3,5.0,4,0.0,6615,9,0.0,4,3,1,32,1,2,4,1
33,1.0,827,1.0,1,4,4.0,3,0.0,84,4,0.0,2,1.0,20161,1,1.0,3,1,1,6,2,3,5,1
41,1.0,840,1.0,9,3,3.0,1,1.0,64,3,5.0,3,0.0,3735,2,0.0,3,2,1,21,2,4,16,0
27,2.0,1134,1.0,16,4,5.0,3,0.0,37,3,2.0,2,1.0,12086,9,0.0,3,2,1,4,2,3,2,2
45,0.0,248,1.0,23,2,1.0,4,1.0,42,3,2.0,1,1.0,14039,1,1.0,3,3,1,9,2,3,8,0
47,2.0,955,2.0,4,2,1.0,4,0.0,83,3,7.0,4,2.0,8571,1,1.0,3,3,0,9,0,3,0,0
30,2.0,138,1.0,22,3,1.0,1,0.0,48,3,6.0,3,1.0,11539,4,1.0,3,2,0,7,2,3,2,0
50,2.0,939,1.0,24,3,1.0,4,1.0,95,3,4.0,3,1.0,4161,3,1.0,3,4,1,22,2,3,11,1
38,1.0,1391,1.0,10,1,3.0,3,1.0,66,3,6.0,3,1.0,12127,0,0.0,3,2,1,3,0,2,1,0
46,2.0,566,1.0,7,2,3.0,4,1.0,75,3,4.0,3,0.0,24208,6,0.0,3,2,1,13,3,3,7,0
24,2.0,1206,1.0,17,1,3.0,4,0.0,41,2,4.0,3,0.0,24117,1,0.0,3,2,2,5,6,3,2,3
35,2.0,622,1.0,14,4,4.0,3,1.0,39,2,2.0,2,0.0,10074,1,1.0,4,4,1,5,2,1,2,0
31,1.0,853,1.0,1,1,1.0,3,0.0,96,3,4.0,1,1.0,11275,1,0.0,3,3,1,4,1,3,3,0
18,0.0,287,1.0,5,2,1.0,2,1.0,73,3,6.0,4,2.0,13493,1,0.0,3,4,0,0,2,3,0,0
54,2.0,1441,1.0,17,3,5.0,3,0.0,56,3,4.0,3,1.0,13943,8,0.0,3,3,1,22,2,3,7,0
35,2.0,583,1.0,25,4,3.0,3,0.0,57,3,0.0,3,0.0,6975,1,1.0,3,3,1,16,3,2,10,10
30,2.0,153,1.0,8,2,1.0,2,0.0,73,4,5.0,1,1.0,17802,0,1.0,3,3,3,9,4,2,7,1
20,2.0,1097,1.0,11,3,3.0,4,0.0,98,2,6.0,1,2.0,18275,1,1.0,3,1,0,1,2,3,0,0
30,1.0,109,1.0,5,3,3.0,2,0.0,60,3,2.0,2,2.0,25725,0,0.0,3,1,0,4,3,3,2,1
26,2.0,1066,1.0,2,2,3.0,4,1.0,32,4,4.0,4,1.0,3334,1,0.0,3,2,0,8,2,3,7,1
22,2.0,217,1.0,8,1,1.0,2,1.0,94,1,2.0,1,1.0,6881,1,0.0,3,1,1,4,3,2,3,1
48,2.0,277,1.0,6,3,1.0,1,1.0,97,2,0.0,3,2.0,13119,2,0.0,3,4,0,19,0,3,2,2
48,2.0,1355,1.0,4,4,1.0,3,1.0,78,2,0.0,3,2.0,22245,7,0.0,3,2,0,27,3,3,11,4
41,2.0,549,1.0,7,2,3.0,4,0.0,42,3,4.0,3,2.0,23371,6,0.0,3,2,0,8,6,3,2,2
39,2.0,466,1.0,1,1,1.0,4,0.0,65,2,4.0,4,1.0,7060,1,0.0,3,3,1,21,3,3,6,11
27,2.0,1055,1.0,2,4,1.0,1,0.0,47,3,4.0,4,1.0,4658,0,0.0,3,2,1,4,2,3,2,2
35,2.0,802,1.0,10,3,4.0,2,1.0,45,3,2.0,4,0.0,9541,1,0.0,4,1,1,3,4,2,2,1
42,2.0,265,2.0,5,2,2.0,4,1.0,90,3,3.0,3,1.0,7770,6,0.0,3,2,0,21,3,4,0,0
50,2.0,804,1.0,9,3,1.0,1,1.0,64,3,2.0,4,1.0,20165,4,0.0,3,2,0,8,5,3,0,0
59,2.0,715,1.0,2,3,1.0,3,0.0,69,2,4.0,4,2.0,21829,3,1.0,3,1,0,30,4,3,3,4
37,2.0,1141,1.0,11,2,3.0,1,0.0,61,1,0.0,2,1.0,14382,5,0.0,3,1,0,15,2,1,0,0
55,1.0,135,1.0,18,4,3.0,3,1.0,62,3,0.0,2,1.0,12992,3,1.0,3,4,2,17,3,3,7,6
41,0.0,247,1.0,7,1,1.0,2,0.0,55,1,5.0,3,0.0,20284,1,0.0,4,2,2,21,3,3,16,5
38,2.0,1035,2.0,3,4,1.0,2,1.0,42,3,7.0,4,2.0,4981,8,1.0,3,3,0,19,1,3,0,0
26,0.0,265,2.0,29,2,3.0,2,1.0,79,1,7.0,1,2.0,21813,8,0.0,3,4,0,7,6,3,2,2
52,2.0,266,2.0,2,1,2.0,1,0.0,57,1,3.0,4,1.0,25846,1,0.0,3,4,1,33,3,3,14,6
44,2.0,1448,2.0,28,3,3.0,4,0.0,53,4,7.0,4,1.0,11737,3,1.0,3,3,1,23,2,3,11,11
50,0.0,145,2.0,1,3,1.0,4,0.0,95,3,7.0,3,1.0,24920,0,0.0,3,1,1,19,3,3,7,0
36,2.0,885,1.0,16,4,1.0,3,0.0,43,4,2.0,1,2.0,8269,1,0.0,3,3,0,18,1,3,13,15
39,1.0,945,1.0,22,3,3.0,4,0.0,82,3,4.0,1,2.0,5083,1,1.0,3,3,0,21,2,3,6,2
33,0.0,1038,2.0,8,1,1.0,2,0.0,88,2,8.0,4,2.0,21437,0,0.0,3,4,0,3,2,2,2,2
45,2.0,1234,2.0,11,2,1.0,4,0.0,90,3,3.0,4,1.0,5404,3,0.0,3,2,1,26,4,4,3,1
32,0.0,1109,1.0,29,4,3.0,4,0.0,69,3,2.0,3,2.0,11135,9,0.0,3,2,0,10,2,3,7,7
34,2.0,216,2.0,1,4,2.0,2,1.0,75,4,7.0,4,0.0,12278,0,0.0,3,4,1,16,2,2,1,0
59,2.0,1089,2.0,1,2,5.0,2,1.0,66,3,3.0,4,1.0,11038,3,1.0,3,3,1,14,1,1,4,0
45,2.0,788,0.0,24,4,3.0,2,1.0,36,3,1.0,2,2.0,8318,1,0.0,3,1,0,6,3,3,3,0
53,1.0,124,2.0,2,3,2.0,3,0.0,38,2,7.0,2,1.0,23537,2,0.0,3,1,1,30,2,3,7,6
36,2.0,660,1.0,15,3,4.0,1,1.0,81,3,2.0,3,0.0,7858,7,0.0,3,2,1,9,3,2,0,0
26,1.0,342,1.0,2,3,1.0,1,1.0,57,3,6.0,1,1.0,15346,6,1.0,3,2,1,6,2,3,2,1
34,2.0,1333,2.0,10,4,1.0,3,0.0,87,3,8.0,3,1.0,18410,1,1.0,3,4,1,1,2,3,1,0
28,2.0,1144,2.0,10,1,3.0,4,1.0,74,3,8.0,2,1.0,23384,1,0.0,4,2,0,1,5,3,0,0
38,1.0,1186,1.0,3,4,4.0,3,1.0,44,3,6.0,3,1.0,2997,3,0.0,3,1,1,8,2,3,2,2
50,2.0,1464,1.0,2,4,3.0,2,1.0,62,3,5.0,3,1.0,12853,2,1.0,3,4,1,29,2,2,1,7
37,2.0,124,1.0,3,3,4.0,4,0.0,35,3,0.0,2,2.0,13848,3,0.0,3,1,0,8,3,2,3,0
40,2.0,300,2.0,26,3,2.0,3,1.0,74,3,7.0,1,1.0,22217,1,0.0,3,2,1,8,3,2,7,7
26,1.0,921,1.0,1,1,3.0,1,0.0,66,2,6.0,3,0.0,25265,1,0.0,3,3,2,5,5,3,3,1
46,2.0,430,1.0,1,4,3.0,4,1.0,40,3,5.0,4,0.0,21445,9,0.0,3,4,2,23,0,3,2,2
54,2.0,1082,2.0,2,4,1.0,3,0.0,41,2,7.0,3,1.0,8392,6,0.0,3,2,1,13,4,3,4,7
56,1.0,1240,1.0,9,3,3.0,1,0.0,63,3,6.0,3,1.0,12154,2,0.0,3,2,1,18,4,3,4,0
36,2.0,796,1.0,12,5,3.0,4,0.0,51,2,4.0,4,2.0,15669,0,0.0,3,2,0,15,2,2,8,7
55,0.0,444,1.0,2,1,3.0,3,1.0,40,2,3.0,1,2.0,17323,7,0.0,3,2,0,31,3,4,7,6
43,2.0,415,2.0,25,3,3.0,3,1.0,79,2,7.0,4,0.0,5268,5,0.0,3,3,1,18,5,3,0,0
20,1.0,769,2.0,9,3,2.0,4,0.0,54,3,8.0,4,2.0,17205,1,1.0,3,2,0,2,3,3,2,0
21,2.0,1334,1.0,10,3,1.0,3,0.0,36,2,2.0,1,2.0,17258,1,0.0,3,1,0,1,6,2,0,1
46,2.0,1003,1.0,8,4,1.0,4,0.0,74,2,6.0,1,0.0,21029,8,1.0,4,1,3,19,2,3,13,1
51,2.0,1323,1.0,4,4,1.0,1,1.0,34,3,6.0,3,1.0,10332,9,1.0,3,3,3,18,2,4,0,2
28,0.0,1366,1.0,24,2,5.0,2,1.0,72,2,0.0,1,2.0,12355,1,0.0,3,1,0,10,2,2,7,1
26,2.0,192,1.0,1,2,3.0,1,1.0,59,2,2.0,1,1.0,11141,1,0.0,3,1,2,6,2,3,3,1
30,2.0,1176,1.0,20,3,4.0,3,1.0,85,3,4.0,1,1.0,9096,0,0.0,3,3,1,7,1,2,2,0
41,2.0,509,1.0,7,2,5.0,2,0.0,43,4,6.0,3,1.0,18863,1,0.0,3,3,0,10,3,3,6,0
38,2.0,330,1.0,17,1,1.0,3,0.0,65,2,0.0,3,1.0,24608,0,0.0,3,1,1,20,4,2,9,1
40,2.0,1492,1.0,20,4,5.0,1,1.0,61,3,0.0,4,1.0,26542,4,0.0,4,4,1,14,6,3,10,11
27,0.0,1277,1.0,8,5,1.0,1,1.0,87,1,2.0,3,1.0,5869,1,0.0,3,4,3,3,4,3,2,1
55,1.0,1091,1.0,2,1,1.0,4,1.0,65,3,4.0,2,1.0,15813,3,0.0,3,2,1,23,4,3,2,1
28,2.0,857,1.0,10,3,4.0,3,0.0,59,3,6.0,3,2.0,7909,3,0.0,3,4,0,10,4,4,7,1
44,2.0,1376,0.0,1,2,3.0,2,1.0,91,2,1.0,1,1.0,2326,9,0.0,3,4,1,24,1,3,6,3
33,2.0,654,1.0,5,3,1.0,4,1.0,34,2,0.0,4,0.0,21214,4,0.0,3,3,1,9,2,3,2,1
35,2.0,1204,2.0,4,3,5.0,4,1.0,86,3,7.0,1,2.0,10333,0,1.0,4,1,0,9,2,3,7,4
33,1.0,827,1.0,29,4,3.0,1,0.0,54,2,6.0,3,2.0,3129,1,0.0,4,2,0,14,4,3,7,3
28,2.0,895,1.0,15,2,1.0,1,1.0,50,3,2.0,3,0.0,22482,1,0.0,3,4,1,4,5,2,2,2
34,1.0,618,1.0,3,1,1.0,1,1.0,45,3,0.0,4,2.0,22266,0,0.0,3,3,0,7,1,2,2,0
37,2.0,309,2.0,10,4,1.0,4,0.0,88,2,7.0,4,0.0,24223,2,1.0,3,3,3,8,5,3,0,0
25,2.0,1219,1.0,4,1,5.0,4,1.0,32,3,2.0,4,1.0,4605,1,1.0,3,2,1,7,3,4,7,5
26,2.0,1330,1.0,21,3,3.0,1,1.0,37,3,2.0,3,0.0,19373,1,0.0,4,3,1,1,0,2,1,0
33,2.0,1017,1.0,25,3,3.0,1,1.0,55,2,6.0,2,2.0,2993,4,1.0,4,2,0,5,0,3,2,2
42,2.0,469,1.0,2,2,3.0,4,1.0,35,3,3.0,1,1.0,14399,0,0.0,3,4,1,23,3,3,6,13
28,1.0,1009,1.0,1,3,3.0,1,1.0,45,2,2.0,2,0.0,7160,1,0.0,3,1,2,1,2,3,0,0
50,1.0,959,2.0,1,4,4.0,4,1.0,81,3,7.0,3,2.0,17251,3,1.0,3,4,0,5,4,3,0,0
33,1.0,970,2.0,7,3,1.0,4,0.0,30,3,7.0,2,1.0,13401,0,0.0,3,3,1,4,3,3,2,0
34,0.0,697,1.0,3,4,1.0,3,1.0,40,2,6.0,4,1.0,22478,3,0.0,3,4,3,6,2,3,0,0
48,0.0,1262,1.0,1,4,3.0,1,1.0,35,4,3.0,4,2.0,16154,2,0.0,4,3,0,27,3,2,4,2
45,0.0,1050,2.0,9,4,1.0,2,0.0,65,2,7.0,3,1.0,17970,1,0.0,3,4,1,15,2,3,10,4
52,2.0,994,1.0,7,4,1.0,2,1.0,87,3,0.0,2,2.0,15322,7,0.0,3,4,0,18,4,3,6,4
38,2.0,770,2.0,10,4,2.0,3,1.0,73,2,7.0,3,0.0,5569,0,1.0,3,2,2,9,2,3,7,2
29,2.0,1107,1.0,28,4,1.0,3,0.0,93,3,6.0,4,0.0,26968,4,0.0,4,1,1,11,1,3,5,1
28,2.0,950,1.0,3,3,3.0,4,0.0,93,3,4.0,2,0.0,8039,0,0.0,3,2,3,10,3,2,7,1
46,2.0,406,2.0,3,1,2.0,1,1.0,52,3,3.0,3,1.0,15596,3,0.0,3,4,1,23,3,3,9,4
38,2.0,130,2.0,2,2,2.0,4,1.0,32,3,7.0,2,2.0,20619,7,0.0,3,3,0,10,2,3,0,0
43,1.0,1082,1.0,27,3,1.0,3,0.0,83,3,4.0,1,1.0,11535,8,0.0,3,3,1,18,1,3,7,0
39,1.0,203,1.0,2,3,1.0,1,1.0,84,3,0.0,4,0.0,13547,7,0.0,3,4,3,21,4,3,7,11
40,2.0,1308,1.0,14,3,3.0,3,1.0,44,2,5.0,3,2.0,17544,1,0.0,3,1,0,21,2,4,7,4
21,2.0,984,1.0,1,1,5.0,4,0.0,70,2,6.0,2,2.0,25326,1,1.0,3,3,0,2,6,4,2,2
39,0.0,439,1.0,9,3,1.0,3,1.0,70,3,2.0,2,2.0,8770,9,0.0,3,3,0,9,2,2,4,0
36,0.0,217,1.0,18,4,1.0,1,1.0,78,3,4.0,4,2.0,23238,2,0.0,4,1,0,18,0,3,9,0
31,1.0,793,2.0,20,3,1.0,3,1.0,67,4,8.0,4,1.0,21981,0,0.0,3,1,1,3,4,3,2,2
28,2.0,1451,1.0,2,1,1.0,1,1.0,67,2,6.0,2,1.0,19911,0,0.0,3,1,0,6,2,1,3,0
35,1.0,1182,2.0,11,2,2.0,4,1.0,54,3,7.0,4,0.0,18500,1,0.0,3,4,1,5,3,3,2,0
49,2.0,174,2.0,8,4,5.0,4,1.0,56,2,7.0,2,1.0,11879,6,0.0,3,2,1,22,3,3,8,2
34,1.0,1003,1.0,2,2,1.0,4,1.0,95,3,4.0,3,2.0,15834,2,0.0,3,4,0,5,3,2,2,0
29,1.0,490,1.0,10,3,1.0,4,0.0,61,3,6.0,2,0.0,17940,0,0.0,3,4,2,8,2,2,5,1
42,2.0,188,1.0,29,3,3.0,2,1.0,56,1,2.0,4,2.0,9558,4,0.0,3,1,0,16,3,3,0,0
29,2.0,718,1.0,8,1,3.0,2,1.0,79,2,4.0,4,1.0,17689,1,1.0,3,3,1,10,2,2,7,1
38,2.0,433,0.0,1,3,0.0,3,1.0,37,4,1.0,3,1.0,6004,1,0.0,3,4,1,7,2,4,6,5
28,1.0,773,1.0,6,3,1.0,3,1.0,39,2,6.0,3,0.0,22088,1,1.0,3,4,1,3,2,3,1,0
18,0.0,247,1.0,8,1,3.0,3,1.0,80,3,2.0,3,2.0,13556,1,0.0,3,4,0,0,0,3,0,0
33,2.0,603,2.0,9,4,2.0,1,0.0,77,3,7.0,1,2.0,18385,0,1.0,3,1,0,6,3,3,2,0
41,2.0,167,1.0,12,4,1.0,2,1.0,46,3,2.0,4,1.0,9051,3,1.0,3,1,1,6,4,3,0,0
31,1.0,874,1.0,15,3,3.0,3,1.0,72,3,2.0,3,1.0,6233,1,0.0,3,3,1,2,5,2,2,2
37,2.0,367,1.0,25,2,3.0,3,0.0,52,2,0.0,4,0.0,17171,7,0.0,3,3,2,9,2,3,2,1
27,2.0,199,1.0,6,3,1.0,4,1.0,55,2,6.0,3,1.0,7950,1,0.0,3,3,1,4,0,3,2,2
34,2.0,1400,2.0,9,1,1.0,2,0.0,70,3,7.0,3,1.0,5829,1,0.0,4,1,0,6,3,2,5,1
35,2.0,528,0.0,8,4,5.0,3,1.0,100,3,1.0,3,2.0,7108,1,0.0,3,2,0,6,2,1,4,1
29,2.0,408,2.0,23,1,1.0,4,0.0,45,2,7.0,1,1.0,11162,1,0.0,3,1,1,11,3,1,8,3
40,1.0,593,1.0,9,4,3.0,2,0.0,88,3,5.0,3,2.0,13782,9,0.0,3,3,0,20,3,2,7,2
42,1.0,481,2.0,12,3,1.0,3,1.0,44,3,7.0,1,2.0,2447,0,1.0,3,2,0,22,2,2,9,13
42,2.0,647,2.0,4,4,2.0,2,1.0,45,3,7.0,1,2.0,2253,7,0.0,3,4,0,9,3,4,4,1
35,2.0,982,1.0,1,4,3.0,4,1.0,58,2,2.0,3,1.0,16340,6,0.0,3,2,1,10,2,3,0,1
24,2.0,477,1.0,24,3,3.0,4,1.0,49,3,2.0,2,2.0,6409,8,0.0,4,4,0,6,2,3,3,1
28,2.0,1485,1.0,12,1,1.0,3,0.0,79,3,2.0,4,1.0,22955,1,1.0,3,4,0,1,4,2,1,0
26,2.0,1384,1.0,3,4,3.0,1,1.0,82,4,2.0,4,1.0,13421,1,0.0,4,2,1,8,2,3,7,0
30,2.0,852,2.0,10,3,2.0,3,1.0,72,2,7.0,3,1.0,2706,1,0.0,3,1,1,10,3,3,3,1
40,1.0,902,1.0,26,2,3.0,3,0.0,92,2,6.0,4,1.0,21203,3,1.0,3,4,1,16,3,1,1,0
35,2.0,819,1.0,2,3,1.0,3,1.0,44,2,4.0,2,0.0,19588,2,0.0,3,2,1,15,2,4,7,6
34,1.0,669,1.0,1,3,3.0,4,1.0,97,2,0.0,1,2.0,25755,0,0.0,4,3,0,14,3,3,9,4
35,1.0,636,1.0,4,4,4.0,4,1.0,47,2,2.0,4,1.0,26537,1,0.0,3,2,1,2,2,4,2,2
43,2.0,1372,2.0,9,3,2.0,1,0.0,85,1,7.0,3,2.0,9489,8,0.0,3,2,0,7,2,2,3,1
32,0.0,862,2.0,2,1,1.0,3,0.0,76,3,8.0,1,0.0,14947,1,0.0,3,3,3,1,3,3,0,0
56,2.0,718,1.0,4,4,5.0,4,0.0,92,3,3.0,1,0.0,18575,4,0.0,3,4,1,28,2,3,2,4
29,2.0,1401,1.0,6,1,3.0,2,0.0,54,3,2.0,4,1.0,26342,1,0.0,3,1,1,10,5,3,8,0
19,2.0,645,1.0,9,2,1.0,3,1.0,54,3,6.0,1,2.0,7172,1,0.0,4,3,0,1,4,3,1,0
45,2.0,1457,1.0,7,3,3.0,1,0.0,83,3,6.0,3,1.0,20100,4,1.0,3,3,1,7,2,2,2,0
37,2.0,977,1.0,1,3,1.0,4,0.0,56,2,4.0,4,1.0,9961,1,0.0,3,2,1,14,2,2,8,3
20,2.0,805,1.0,3,3,1.0,1,1.0,87,2,2.0,3,2.0,12828,1,0.0,3,1,0,2,2,2,2,1
44,2.0,1097,1.0,10,4,1.0,3,1.0,96,3,6.0,3,2.0,10826,1,1.0,3,3,0,6,4,3,4,0
53,2.0,1223,1.0,7,2,3.0,4,0.0,50,3,3.0,3,0.0,18640,3,0.0,3,2,1,26,6,3,7,4
29,2.0,942,1.0,15,1,1.0,2,0.0,69,1,6.0,4,1.0,26933,0,1.0,3,1,1,6,2,2,4,1
22,1.0,1256,1.0,3,4,1.0,3,1.0,48,2,6.0,4,1.0,4223,0,1.0,3,2,1,1,5,3,0,0
46,2.0,1402,2.0,2,3,2.0,3,0.0,69,3,3.0,1,1.0,24097,8,0.0,4,1,0,28,2,3,15,15
44,0.0,111,1.0,17,3,1.0,4,1.0,74,1,6.0,3,2.0,4279,2,0.0,3,4,0,6,3,3,0,0
33,2.0,147,0.0,2,3,0.0,2,1.0,99,3,1.0,3,1.0,8429,1,0.0,3,4,1,5,2,3,4,1
41,0.0,906,1.0,5,2,1.0,1,1.0,95,2,6.0,1,0.0,20293,6,0.0,3,1,1,5,2,1,0,0
30,2.0,1329,2.0,29,4,1.0,3,1.0,61,3,7.0,1,0.0,13192,8,0.0,3,3,3,8,3,3,3,0
40,1.0,1184,2.0,2,4,3.0,2,1.0,62,3,7.0,2,1.0,25440,5,0.0,3,4,3,5,2,3,0,0
50,1.0,1421,1.0,2,3,3.0,4,0.0,30,3,3.0,1,1.0,9490,2,0.0,4,3,1,32,3,3,2,2
28,2.0,1179,1.0,19,4,3.0,4,1.0,78,2,2.0,1,1.0,12449,1,0.0,3,3,3,6,2,3,5,3
46,2.0,1450,1.0,15,2,1.0,4,1.0,52,3,5.0,2,1.0,10849,5,0.0,3,1,1,25,2,3,2,0
35,2.0,1361,2.0,17,4,1.0,3,1.0,94,3,7.0,1,1.0,21026,3,1.0,3,4,3,15,2,3,7,1
24,2.0,984,1.0,17,2,1.0,4,0.0,97,3,2.0,2,1.0,3372,1,0.0,3,1,1,1,3,1,0,0
33,1.0,1146,2.0,25,3,3.0,2,0.0,82,3,7.0,3,1.0,4905,1,0.0,3,1,1,10,3,2,7,0
36,2.0,917,1.0,6,4,1.0,3,1.0,60,1,2.0,3,0.0,6865,1,0.0,3,3,1,7,4,3,7,1
30,2.0,853,1.0,7,4,1.0,3,1.0,49,3,2.0,3,0.0,11309,1,0.0,3,1,3,10,4,2,7,8
44,2.0,200,1.0,29,4,4.0,4,1.0,32,3,6.0,4,2.0,7744,1,0.0,4,2,0,20,3,3,11,13
20,2.0,654,2.0,21,3,2.0,3,1.0,43,4,8.0,4,2.0,5050,1,0.0,3,4,0,2,2,3,1,2
46,2.0,150,1.0,2,4,5.0,4,1.0,60,3,4.0,4,0.0,17433,2,0.0,3,3,1,12,3,2,3,1
42,0.0,179,0.0,2,5,3.0,4,1.0,79,4,1.0,1,1.0,12858,7,0.0,3,1,1,10,3,4,3,0
60,2.0,696,2.0,7,4,2.0,2,1.0,52,4,7.0,4,0.0,10893,0,1.0,3,2,1,12,3,3,7,1
32,1.0,116,1.0,13,3,4.0,3,0.0,77,2,2.0,2,1.0,7331,1,0.0,4,3,1,2,2,3,2,2
32,1.0,1316,1.0,2,2,1.0,4,0.0,38,3,6.0,3,2.0,2338,4,1.0,3,4,0,10,2,3,7,0
36,2.0,363,1.0,1,3,5.0,3,0.0,77,1,4.0,1,0.0,4235,2,1.0,4,3,1,17,2,3,7,7
33,2.0,117,1.0,9,3,3.0,1,1.0,60,3,6.0,4,1.0,6311,0,0.0,3,2,1,15,5,3,10,4
40,2.0,107,2.0,10,3,5.0,2,0.0,84,2,7.0,2,0.0,11591,7,0.0,3,2,1,7,2,4,1,1
25,2.0,1356,2.0,10,4,1.0,3,1.0,57,3,7.0,4,2.0,20623,0,0.0,3,2,0,5,4,3,3,1
30,2.0,1465,1.0,1,3,3.0,4,1.0,63,3,6.0,2,1.0,9369,0,1.0,4,1,1,12,2,3,9,5
42,1.0,458,1.0,26,5,3.0,1,0.0,60,3,5.0,1,1.0,23281,3,1.0,3,3,0,20,6,3,0,0
35,0.0,1212,2.0,8,2,2.0,3,0.0,78,2,7.0,4,1.0,13755,4,1.0,3,2,1,16,6,2,2,4
27,2.0,1103,1.0,14,3,1.0,1,1.0,42,3,6.0,1,1.0,14377,1,1.0,3,4,2,9,3,2,7,6
54,1.0,966,1.0,1,4,1.0,4,0.0,53,3,4.0,3,0.0,9659,7,0.0,3,1,1,33,2,1,4,1
44,2.0,1117,1.0,2,1,1.0,1,0.0,72,4,6.0,4,1.0,19982,1,0.0,3,4,1,10,5,3,5,7
19,0.0,504,1.0,10,3,3.0,1,0.0,96,2,6.0,2,2.0,6148,1,1.0,4,2,0,1,2,4,1,0
29,2.0,1010,1.0,1,3,1.0,1,0.0,97,3,6.0,4,0.0,5598,1,0.0,3,1,3,3,5,3,2,1
54,2.0,685,1.0,3,3,1.0,4,1.0,85,3,5.0,4,1.0,23474,3,0.0,3,1,0,36,2,3,9,0
31,2.0,1332,1.0,11,2,3.0,3,1.0,80,3,0.0,1,1.0,17089,1,1.0,3,4,0,6,2,2,5,0
31,2.0,1062,1.0,24,3,3.0,3,0.0,96,2,0.0,1,2.0,17198,1,0.0,3,2,0,10,2,3,9,1
59,2.0,326,2.0,3,3,1.0,3,0.0,48,2,7.0,4,2.0,16490,5,0.0,3,4,0,13,2,3,1,0
43,2.0,920,1.0,3,3,1.0,3,1.0,96,1,5.0,4,1.0,18625,3,0.0,3,2,1,25,2,3,7,0
49,2.0,1098,1.0,4,2,3.0,1,1.0,85,2,3.0,3,1.0,12124,2,0.0,3,3,1,23,2,4,0,0
36,1.0,469,1.0,3,3,5.0,3,1.0,46,3,6.0,2,1.0,9256,1,0.0,3,3,0,12,2,2,10,0
48,2.0,969,1.0,2,2,5.0,4,1.0,76,4,2.0,2,2.0,16620,5,0.0,3,3,0,7,4,2,0,0
27,2.0,1167,1.0,4,2,1.0,1,1.0,76,3,6.0,3,0.0,3208,1,0.0,3,2,3,5,2,3,3,0
29,2.0,1329,1.0,7,3,1.0,3,1.0,82,3,0.0,4,0.0,4204,1,1.0,3,2,2,6,2,3,0,1
48,2.0,715,1.0,1,3,1.0,4,1.0,76,2,5.0,4,2.0,8733,6,0.0,3,3,0,25,3,4,0,0
29,2.0,694,1.0,1,3,1.0,4,0.0,87,2,5.0,4,0.0,3423,3,0.0,3,2,2,9,2,2,7,1
34,2.0,1320,1.0,20,3,5.0,3,0.0,89,4,6.0,3,1.0,21643,0,0.0,3,4,0,2,5,2,0,0
44,2.0,1099,2.0,5,3,2.0,2,1.0,88,3,3.0,2,1.0,8751,7,0.0,3,3,1,26,5,3,9,3
33,2.0,536,2.0,10,5,2.0,4,1.0,82,4,7.0,3,0.0,21708,0,1.0,3,4,2,10,3,3,8,0
19,2.0,265,1.0,25,3,1.0,2,0.0,57,4,6.0,4,2.0,21221,1,1.0,3,4,0,1,2,3,0,0
23,2.0,373,1.0,1,2,1.0,4,1.0,47,3,6.0,3,1.0,16901,1,0.0,4,4,1,1,2,3,0,0
25,1.0,599,2.0,24,1,1.0,3,1.0,73,1,8.0,4,2.0,8040,1,1.0,3,4,0,1,4,3,0,1
26,2.0,583,1.0,4,2,1.0,3,1.0,53,3,6.0,4,2.0,9973,1,1.0,4,2,0,8,2,2,5,2
45,2.0,1449,2.0,2,3,2.0,1,0.0,94,1,3.0,2,2.0,2493,2,1.0,3,1,0,26,2,3,10,1
55,0.0,177,1.0,8,1,3.0,4,1.0,37,2,0.0,2,0.0,25592,1,1.0,3,4,1,34,3,3,9,15
21,1.0,251,1.0,10,2,1.0,1,0.0,45,2,2.0,3,2.0,25308,1,0.0,4,3,0,2,2,1,2,2
46,2.0,168,2.0,4,2,2.0,4,0.0,33,2,3.0,2,1.0,9946,2,0.0,3,3,1,26,2,3,4,0
34,2.0,131,2.0,2,3,2.0,3,0.0,86,3,7.0,1,2.0,6039,0,1.0,3,4,0,4,3,3,2,0
51,1.0,237,2.0,9,3,1.0,4,1.0,83,3,3.0,2,0.0,19196,4,1.0,4,1,1,31,5,2,10,11
59,2.0,1429,1.0,18,4,3.0,4,1.0,67,3,4.0,4,2.0,20002,6,0.0,3,4,0,25,6,2,7,5
34,1.0,135,1.0,19,3,3.0,3,0.0,46,3,2.0,2,0.0,22534,4,0.0,3,3,2,15,2,4,8,5
28,1.0,791,1.0,1,4,3.0,4,1.0,44,3,2.0,3,2.0,6842,0,1.0,3,3,0,5,2,2,2,0
44,2.0,1199,1.0,4,2,1.0,3,1.0,92,4,3.0,1,0.0,17477,1,0.0,3,4,2,26,4,2,9,14
34,1.0,648,0.0,11,3,1.0,3,1.0,56,2,1.0,2,1.0,21833,4,0.0,3,4,2,14,5,4,9,1
35,2.0,735,1.0,6,1,1.0,3,1.0,66,3,6.0,3,1.0,6020,0,1.0,3,4,0,4,3,3,2,2
42,2.0,603,1.0,7,4,3.0,2,0.0,78,4,6.0,2,1.0,5628,6,1.0,3,4,0,18,2,3,0,0
43,2.0,531,2.0,4,4,2.0,4,0.0,56,2,7.0,4,2.0,20364,3,0.0,3,4,0,23,3,4,7,15
36,2.0,429,1.0,2,4,1.0,3,0.0,53,3,4.0,2,2.0,2323,9,1.0,3,4,0,18,2,3,14,5
44,2.0,621,1.0,15,3,3.0,1,0.0,73,3,0.0,4,1.0,14075,1,0.0,3,4,1,10,2,3,7,0
28,1.0,193,1.0,2,3,1.0,4,1.0,52,2,2.0,4,1.0,14222,1,1.0,3,2,1,2,2,3,2,2
51,1.0,968,1.0,6,2,3.0,2,0.0,40,2,2.0,3,2.0,4257,0,0.0,3,2,0,8,6,2,0,7
30,0.0,879,1.0,9,2,3.0,3,0.0,72,3,4.0,3,2.0,12858,7,1.0,3,3,0,10,3,3,4,1
29,2.0,806,1.0,7,3,5.0,2,0.0,39,3,2.0,3,0.0,17285,3,1.0,3,1,2,10,2,3,7,7
28,2.0,640,1.0,1,3,5.0,4,1.0,84,3,6.0,1,2.0,4732,2,0.0,3,2,0,5,2,2,2,1
25,2.0,266,1.0,1,3,3.0,4,0.0,40,3,6.0,2,2.0,18830,1,0.0,3,4,0,2,3,2,2,2
32,2.0,604,2.0,8,3,3.0,3,1.0,56,4,7.0,4,1.0,11693,1,0.0,3,3,2,10,4,4,7,0
45,1.0,364,1.0,25,3,3.0,2,0.0,83,3,3.0,2,2.0,13035,3,0.0,4,3,0,22,4,3,0,0
39,2.0,412,1.0,13,4,3.0,3,0.0,94,2,3.0,2,0.0,17334,6,1.0,3,4,2,21,4,3,9,15
58,2.0,848,1.0,23,4,1.0,1,1.0,88,3,6.0,3,0.0,26076,1,0.0,3,4,2,2,3,3,2,2
32,2.0,1089,1.0,7,2,1.0,4,1.0,79,3,2.0,3,1.0,22845,1,0.0,3,1,1,10,3,3,4,1
39,2.0,360,1.0,23,3,3.0,3,1.0,93,3,6.0,1,2.0,22154,0,0.0,3,1,0,6,2,3,2,0
30,2.0,1138,1.0,6,3,5.0,1,0.0,48,2,2.0,4,1.0,23631,0,0.0,3,1,1,10,6,3,2,6
36,2.0,325,1.0,10,4,5.0,4,0.0,63,3,0.0,3,1.0,5747,3,0.0,3,1,0,10,0,3,7,1
46,2.0,991,0.0,1,2,1.0,4,0.0,44,3,1.0,1,2.0,22957,6,0.0,3,3,0,10,3,4,6,5
28,0.0,1476,1.0,1,3,1.0,3,0.0,55,1,2.0,4,1.0,16392,0,0.0,3,1,3,10,6,3,8,7
50,2.0,1322,1.0,28,3,1.0,4,0.0,43,3,5.0,1,1.0,22422,4,1.0,3,2,0,25,2,3,2,1
40,2.0,299,2.0,25,4,2.0,4,1.0,57,2,7.0,2,2.0,17235,2,1.0,3,3,0,9,2,3,4,1
52,2.0,1030,2.0,5,3,1.0,2,1.0,64,3,7.0,2,2.0,21534,9,1.0,3,3,0,10,2,2,7,7
30,2.0,634,1.0,17,4,3.0,2,0.0,95,3,3.0,1,1.0,25927,1,1.0,4,4,2,9,2,3,1,0
39,2.0,524,1.0,18,2,1.0,1,1.0,32,3,4.0,3,2.0,13352,0,0.0,3,1,0,9,6,3,7,1
31,0.0,587,2.0,2,4,1.0,4,0.0,57,3,7.0,3,0.0,8935,1,1.0,3,1,1,10,5,2,8,9
41,0.0,256,2.0,10,2,3.0,3,1.0,40,1,7.0,2,2.0,22074,1,0.0,3,1,0,19,4,3,2,11
31,1.0,1060,2.0,1,3,1.0,4,0.0,54,3,8.0,2,2.0,8319,1,1.0,3,1,0,3,2,4,2,2
44,2.0,935,1.0,3,3,1.0,1,1.0,89,3,2.0,1,1.0,14669,4,0.0,3,3,0,10,4,4,2,1
42,0.0,495,1.0,2,1,1.0,3,1.0,37,3,3.0,3,1.0,26582,0,1.0,3,4,0,21,3,2,8,2
55,2.0,282,1.0,2,2,3.0,4,0.0,58,1,3.0,3,1.0,6992,4,0.0,3,4,1,23,5,3,9,9
56,2.0,206,0.0,8,4,1.0,4,1.0,99,3,3.0,2,2.0,4022,6,0.0,3,1,0,36,4,3,3,7
40,0.0,458,1.0,16,2,1.0,3,1.0,74,3,6.0,3,0.0,8532,9,0.0,3,2,1,6,0,3,2,0
34,2.0,943,1.0,9,3,1.0,4,1.0,86,3,0.0,4,0.0,5494,0,0.0,3,4,1,10,0,2,7,1
40,2.0,523,1.0,2,3,1.0,3,1.0,98,3,6.0,4,2.0,22455,1,0.0,3,3,0,9,4,3,8,8
41,1.0,1018,2.0,1,3,2.0,3,0.0,66,3,7.0,1,0.0,4297,0,0.0,3,4,1,10,2,3,3,1
35,1.0,482,1.0,4,4,1.0,3,1.0,87,3,6.0,3,2.0,2690,1,1.0,3,2,0,9,3,3,6,1
51,2.0,770,0.0,5,3,1.0,3,1.0,84,3,3.0,2,0.0,17588,1,1.0,3,2,1,33,2,3,9,0
38,2.0,1009,2.0,2,2,1.0,2,0.0,31,3,7.0,1,0.0,19461,3,0.0,3,4,1,11,3,3,7,1
34,2.0,507,2.0,15,2,3.0,3,0.0,66,3,7.0,1,2.0,23553,1,0.0,3,4,0,10,6,4,8,9
25,2.0,882,1.0,19,1,3.0,4,1.0,67,3,2.0,4,1.0,9075,3,0.0,3,3,3,7,6,2,2,1
58,2.0,601,1.0,7,4,3.0,3,0.0,53,2,4.0,1,1.0,12023,7,1.0,3,4,0,31,0,2,9,5
40,2.0,329,1.0,1,4,1.0,2,1.0,88,3,2.0,2,1.0,6762,3,0.0,4,3,1,7,3,3,2,0
36,1.0,607,2.0,7,3,2.0,1,0.0,83,4,7.0,1,1.0,2261,2,0.0,3,4,1,17,2,2,7,6
48,2.0,855,1.0,4,3,1.0,4,1.0,54,3,4.0,4,2.0,18706,1,0.0,3,3,0,11,2,3,9,0
27,2.0,1291,2.0,11,3,3.0,3,0.0,98,4,8.0,4,1.0,6527,8,0.0,3,2,1,5,4,3,0,0
51,2.0,1405,1.0,11,2,5.0,4,0.0,82,2,4.0,2,2.0,24439,3,0.0,3,2,0,29,1,2,2,0
18,0.0,1124,1.0,1,3,1.0,4,0.0,97,3,2.0,4,2.0,19305,1,0.0,3,3,0,0,5,4,0,0
35,2.0,817,1.0,1,3,3.0,4,0.0,60,2,2.0,4,1.0,10846,0,0.0,3,2,1,10,0,3,7,0
27,1.0,793,2.0,2,1,1.0,4,1.0,43,1,7.0,4,2.0,20392,3,0.0,4,2,0,8,3,3,2,0
55,2.0,267,2.0,13,4,2.0,1,1.0,85,4,7.0,3,2.0,9277,6,1.0,3,3,0,24,2,2,7,3
56,2.0,1369,1.0,23,3,1.0,4,1.0,68,3,4.0,2,1.0,18235,4,1.0,3,1,1,33,0,3,16,15
34,0.0,999,1.0,26,1,5.0,1,0.0,92,2,6.0,3,0.0,15891,1,0.0,4,3,3,5,2,3,4,0
40,2.0,1202,1.0,2,1,3.0,2,0.0,89,4,0.0,3,0.0,13888,5,0.0,4,2,3,15,0,3,11,11
34,2.0,285,1.0,29,3,3.0,2,1.0,86,3,2.0,3,1.0,17491,4,0.0,3,1,2,10,1,3,7,7
31,1.0,703,2.0,2,3,1.0,3,0.0,90,2,8.0,4,2.0,11882,7,0.0,3,3,0,3,3,4,0,0
35,1.0,662,2.0,18,4,2.0,4,0.0,67,3,7.0,3,1.0,23288,0,1.0,3,3,1,5,0,2,2,3
38,1.0,693,1.0,7,3,1.0,4,1.0,57,4,6.0,3,0.0,15748,1,0.0,3,4,3,4,2,3,2,0
34,2.0,404,1.0,2,4,5.0,3,0.0,98,3,0.0,4,2.0,6163,1,0.0,3,4,0,14,2,4,11,4
28,2.0,736,2.0,26,3,1.0,3,1.0,48,2,7.0,1,1.0,24232,1,0.0,3,3,1,5,0,3,3,0
31,2.0,330,1.0,22,4,3.0,4,1.0,98,3,4.0,3,1.0,21057,1,1.0,3,4,2,10,3,2,2,6
39,2.0,1498,2.0,21,4,1.0,1,1.0,44,2,7.0,4,1.0,3567,3,1.0,3,4,2,8,2,4,4,1
51,1.0,541,2.0,2,3,2.0,2,1.0,52,3,7.0,2,1.0,15395,2,0.0,3,2,0,14,5,3,2,3
41,1.0,1200,1.0,22,3,1.0,4,0.0,75,3,6.0,4,0.0,13953,3,1.0,3,1,2,12,4,2,2,3
37,2.0,1439,1.0,4,1,1.0,3,1.0,54,3,6.0,3,1.0,5182,7,1.0,3,4,0,8,2,3,4,1
33,1.0,1111,2.0,5,1,1.0,2,1.0,61,3,7.0,4,1.0,19293,6,0.0,3,1,0,8,2,4,4,1
32,2.0,499,2.0,2,1,2.0,3,1.0,36,3,7.0,2,1.0,20497,0,1.0,3,1,3,4,3,2,2,1
39,0.0,1485,1.0,25,2,1.0,3,1.0,71,3,0.0,3,1.0,3449,3,0.0,4,2,1,13,2,3,4,0
25,2.0,1372,2.0,18,1,1.0,1,1.0,93,4,7.0,3,1.0,12477,2,0.0,3,2,0,6,3,2,2,1
52,1.0,322,1.0,28,2,3.0,4,0.0,59,4,4.0,3,1.0,9731,2,1.0,3,2,1,24,3,2,3,0
43,2.0,930,1.0,6,3,3.0,1,0.0,73,2,6.0,3,2.0,20003,1,1.0,3,1,0,20,3,1,7,1
27,2.0,205,2.0,10,3,2.0,4,0.0,98,2,7.0,4,1.0,7100,1,1.0,3,4,0,6,3,3,2,4
27,2.0,135,1.0,17,4,1.0,4,0.0,51,3,6.0,3,2.0,25681,1,1.0,3,4,0,8,2,3,2,7
26,2.0,683,1.0,2,1,3.0,1,1.0,36,2,6.0,4,2.0,4050,0,0.0,3,4,0,5,2,3,3,1
42,2.0,1147,0.0,10,3,0.0,3,0.0,31,3,3.0,1,1.0,16616,0,0.0,3,3,1,21,5,3,7,0
52,2.0,258,1.0,8,4,4.0,3,0.0,54,3,2.0,1,1.0,17363,9,0.0,3,3,0,12,2,1,4,0
37,2.0,1462,1.0,11,3,3.0,1,0.0,94,3,2.0,3,2.0,19106,4,0.0,3,1,0,8,6,3,2,0
35,1.0,200,1.0,18,2,1.0,3,1.0,60,3,4.0,4,2.0,19944,2,0.0,3,3,0,10,2,3,2,2
25,2.0,949,1.0,1,3,5.0,1,1.0,81,3,2.0,4,1.0,4910,4,0.0,3,2,1,7,2,2,2,0
26,2.0,652,1.0,7,3,4.0,3,1.0,100,4,2.0,1,2.0,23577,0,0.0,3,4,0,8,2,3,7,0
29,2.0,332,0.0,17,3,4.0,2,1.0,51,2,1.0,1,2.0,9769,1,0.0,3,1,0,10,3,2,9,0
49,1.0,1475,1.0,28,2,1.0,1,1.0,97,2,2.0,1,2.0,22710,3,0.0,4,1,0,20,2,3,3,1
29,1.0,337,1.0,14,1,4.0,3,0.0,84,3,0.0,4,2.0,22930,0,1.0,3,1,0,9,1,3,7,7
54,2.0,971,1.0,1,3,3.0,4,0.0,54,3,5.0,4,2.0,5652,6,0.0,3,4,0,29,3,2,7,12
58,2.0,1055,1.0,1,3,3.0,4,0.0,76,3,5.0,1,1.0,22456,3,1.0,4,3,1,32,3,3,8,1
55,2.0,1136,1.0,1,4,3.0,2,1.0,81,4,5.0,4,0.0,12414,2,0.0,3,4,2,31,4,4,7,0
36,2.0,1174,2.0,3,4,2.0,1,0.0,99,3,7.0,2,2.0,20763,3,1.0,3,4,0,15,3,3,4,0
31,1.0,667,2.0,1,4,1.0,2,0.0,50,1,8.0,3,2.0,16154,1,0.0,3,2,0,1,3,3,0,0
30,2.0,855,2.0,7,4,2.0,4,0.0,73,3,7.0,1,0.0,12761,7,0.0,3,2,2,8,3,3,2,0
31,2.0,182,1.0,8,5,1.0,1,0.0,93,3,5.0,2,2.0,8847,3,0.0,3,3,0,9,3,4,2,1
34,1.0,560,1.0,1,4,4.0,4,1.0,91,3,6.0,1,0.0,20284,5,0.0,3,3,2,10,2,3,3,1
31,2.0,202,1.0,8,3,1.0,1,0.0,34,2,6.0,2,2.0,22262,1,0.0,3,3,0,1,3,4,0,0
27,2.0,1377,1.0,11,1,1.0,2,1.0,91,3,2.0,1,1.0,7679,0,0.0,3,2,0,6,3,4,0,1
36,2.0,172,1.0,4,4,1.0,1,1.0,37,2,2.0,4,2.0,22604,1,0.0,3,3,0,10,2,2,4,1
36,2.0,329,2.0,16,4,2.0,3,0.0,98,2,7.0,1,1.0,13494,4,0.0,3,1,2,11,3,2,2,0
47,2.0,465,1.0,1,3,5.0,1,1.0,74,3,6.0,4,1.0,10205,7,0.0,3,3,1,17,2,2,5,1
25,2.0,383,2.0,9,2,1.0,1,1.0,68,2,8.0,1,1.0,15182,3,0.0,3,1,0,6,2,3,2,2
37,0.0,1413,1.0,5,2,5.0,3,1.0,84,4,2.0,3,2.0,25470,0,0.0,3,1,0,7,2,1,5,1
56,2.0,1255,1.0,1,2,1.0,1,0.0,90,3,6.0,1,1.0,10494,2,0.0,4,4,1,5,3,4,2,1
47,2.0,359,1.0,2,4,3.0,1,0.0,82,3,5.0,3,1.0,26703,3,0.0,3,2,2,26,2,4,17,5
24,2.0,1476,2.0,4,1,3.0,4,0.0,42,3,7.0,3,1.0,15211,1,1.0,3,3,2,5,3,3,4,0
32,2.0,601,2.0,7,5,2.0,4,1.0,97,3,7.0,4,1.0,23343,4,0.0,3,3,1,7,3,2,3,0
34,2.0,401,1.0,1,3,1.0,4,0.0,86,2,2.0,2,1.0,3708,5,0.0,3,1,1,7,2,2,4,0
41,2.0,1283,1.0,5,5,3.0,2,1.0,90,4,6.0,3,1.0,5561,2,1.0,3,1,0,7,5,2,2,0
40,0.0,663,1.0,9,4,4.0,3,1.0,81,3,2.0,3,0.0,23099,3,0.0,3,3,2,11,2,4,7,0
31,2.0,326,2.0,8,2,1.0,1,1.0,31,3,7.0,4,0.0,8386,1,0.0,3,1,1,13,5,3,7,9
46,2.0,377,2.0,9,3,2.0,1,1.0,52,3,7.0,4,0.0,15986,4,0.0,3,1,1,28,1,4,7,4
39,0.0,592,1.0,2,3,1.0,1,0.0,54,2,2.0,1,2.0,17181,2,1.0,4,2,0,11,2,4,0,0
31,1.0,1445,1.0,1,5,1.0,3,0.0,100,4,4.0,2,2.0,8931,1,0.0,3,1,0,10,2,3,8,4
45,2.0,1038,1.0,20,3,3.0,2,1.0,95,1,0.0,1,0.0,19863,2,1.0,3,2,1,24,2,3,7,0
31,2.0,1398,0.0,8,2,3.0,4,0.0,96,4,1.0,2,2.0,24609,9,0.0,3,4,0,8,3,3,2,0
31,1.0,523,1.0,2,3,1.0,2,1.0,94,3,2.0,4,1.0,21081,6,1.0,3,3,1,7,2,1,2,2
45,2.0,1448,1.0,29,3,5.0,2,1.0,55,3,4.0,4,1.0,14720,4,1.0,3,4,2,10,4,4,1,1
48,2.0,1221,2.0,7,3,2.0,3,1.0,96,3,7.0,1,0.0,24795,4,0.0,3,1,3,15,3,3,2,2
34,2.0,1107,0.0,9,4,5.0,1,0.0,52,3,1.0,3,1.0,3072,1,0.0,3,4,0,2,0,3,2,2
40,0.0,218,1.0,8,1,3.0,4,1.0,55,2,5.0,2,0.0,25178,2,0.0,3,3,1,16,5,3,8,4
28,2.0,866,2.0,5,3,3.0,4,1.0,84,3,7.0,1,2.0,23490,0,0.0,3,4,0,6,4,3,4,1
44,0.0,981,1.0,5,3,1.0,3,1.0,90,2,2.0,3,2.0,7973,3,0.0,3,4,0,7,5,3,2,0
53,2.0,447,1.0,2,3,3.0,4,1.0,39,4,5.0,2,2.0,19764,4,0.0,3,2,0,35,2,2,8,8
49,2.0,1495,1.0,5,4,5.0,1,1.0,96,3,0.0,3,1.0,21534,2,0.0,3,2,1,20,0,2,2,1
40,2.0,896,1.0,2,3,3.0,3,1.0,68,3,6.0,3,0.0,8045,2,0.0,3,3,1,8,3,4,1,1
44,2.0,1467,1.0,20,3,1.0,4,1.0,49,3,6.0,2,2.0,21158,1,0.0,3,3,0,6,3,2,2,1
33,1.0,430,2.0,7,3,3.0,4,1.0,54,3,7.0,1,1.0,17456,0,0.0,3,1,2,5,2,3,3,0
34,2.0,1326,2.0,3,3,4.0,4,1.0,81,1,7.0,1,2.0,15891,3,0.0,3,4,0,15,2,3,9,3
30,2.0,1358,2.0,16,1,1.0,4,1.0,96,3,7.0,3,1.0,2939,8,0.0,3,3,2,4,2,2,1,2
42,1.0,748,1.0,9,2,3.0,1,0.0,74,3,2.0,4,2.0,16458,1,0.0,3,3,0,12,3,3,9,5
44,1.0,383,2.0,1,5,2.0,1,0.0,79,3,7.0,3,1.0,9282,7,0.0,3,3,1,11,4,2,0,0
30,0.0,990,1.0,7,3,5.0,3,1.0,64,3,6.0,3,0.0,7152,1,0.0,3,2,2,1,2,2,0,0
57,2.0,405,1.0,1,2,1.0,2,1.0,93,4,6.0,3,1.0,2721,0,0.0,4,1,1,13,2,2,9,2
49,2.0,1490,1.0,7,4,1.0,3,1.0,35,3,0.0,2,0.0,20948,3,0.0,3,2,2,29,3,3,7,0
34,1.0,829,1.0,15,3,3.0,2,1.0,71,3,5.0,1,0.0,11929,7,0.0,3,4,2,16,3,2,8,6
28,1.0,1496,2.0,1,3,5.0,1,1.0,92,3,8.0,3,1.0,15747,3,0.0,3,4,1,5,3,4,2,1
29,1.0,115,2.0,13,3,5.0,1,0.0,51,3,7.0,2,2.0,17485,5,0.0,3,1,0,7,4,1,3,0
